datetime,y_true,raw_sensor_value,y_pred_calibrated,absolute_error
2005-01-16 02:00:00,7.6,,6.551464692990783,1.0485353070092165
2005-01-16 03:00:00,6.0,,4.718363577876767,1.281636422123233
2005-01-16 04:00:00,5.9,,4.270219263104296,1.6297807368957047
2005-01-16 05:00:00,4.2,,3.259841630208252,0.9401583697917482
2005-01-16 06:00:00,4.5,,3.3387475407402576,1.1612524592597424
2005-01-16 07:00:00,5.4,,4.577940638851694,0.8220593611483062
2005-01-16 08:00:00,4.8,,4.7660859897366175,0.033914010263382366
2005-01-16 09:00:00,6.3,,5.088204858994392,1.2117951410056076
2005-01-16 10:00:00,2.6,,3.262110875132216,0.6621108751322158
2005-01-16 11:00:00,2.6,,3.542575749709242,0.942575749709242
2005-01-16 12:00:00,2.2,,2.601465484487926,0.40146548448792574
2005-01-16 13:00:00,3.0,,3.684061644605248,0.6840616446052481
2005-01-16 14:00:00,1.9,,2.517958252149117,0.6179582521491169
2005-01-16 15:00:00,2.0,,2.3860642640469902,0.38606426404699024
2005-01-16 16:00:00,2.8,,3.3174667346613878,0.5174667346613879
2005-01-16 17:00:00,3.3,,3.753985651877634,0.4539856518776344
2005-01-16 18:00:00,3.4,,3.704441652354225,0.30444165235422505
2005-01-16 19:00:00,7.1,,6.902105222510334,0.19789477748966533
2005-01-16 20:00:00,7.4,,7.122691450670149,0.2773085493298515
2005-01-16 21:00:00,4.3,,5.143818549299017,0.8438185492990176
2005-01-16 22:00:00,3.9,,4.267979985408834,0.36797998540883414
2005-01-16 23:00:00,5.2,,5.845891234400642,0.6458912344006418
2005-01-17 00:00:00,3.8,,4.10693767483237,0.30693767483237
2005-01-17 01:00:00,3.5,,3.7789064889700623,0.2789064889700623
2005-01-17 02:00:00,2.9,,3.4948746864043523,0.5948746864043524
2005-01-17 03:00:00,1.4,,1.525529868464045,0.12552986846404512
2005-01-17 04:00:00,1.1,,1.3440318699065188,0.2440318699065187
2005-01-17 05:00:00,1.0,,1.2986504878009646,0.2986504878009646
2005-01-17 06:00:00,1.6,,1.5686858637980607,0.03131413620193935
2005-01-17 07:00:00,3.2,,3.2492344167654914,0.04923441676549123
2005-01-17 08:00:00,15.9,,16.70060638621415,0.8006063862141506
2005-01-17 09:00:00,18.0,,18.75212339072176,0.7521233907217599
2005-01-17 10:00:00,14.7,,15.63071170067714,0.9307117006771399
2005-01-17 11:00:00,15.1,,14.988738188747183,0.11126181125281676
2005-01-17 12:00:00,13.4,,13.40513617878205,0.005136178782048972
2005-01-17 13:00:00,14.5,,14.98274338278551,0.4827433827855092
2005-01-17 14:00:00,14.7,,15.250959341558879,0.5509593415588796
2005-01-17 15:00:00,17.0,,16.0779978318651,0.9220021681348989
2005-01-17 16:00:00,15.3,,15.84264705102505,0.5426470510250496
2005-01-17 17:00:00,21.2,,21.71626473697876,0.5162647369787621
2005-01-17 18:00:00,43.0,,37.22138469632627,5.778615303673732
2005-01-17 19:00:00,37.2,,36.845599243596446,0.3544007564035567
2005-01-17 20:00:00,16.7,,15.258941258488912,1.4410587415110871
2005-01-17 21:00:00,13.4,,12.380251007346054,1.0197489926539465
2005-01-17 22:00:00,8.7,,9.11502145110685,0.41502145110685085
2005-01-17 23:00:00,7.4,,7.815181581811899,0.4151815818118987
2005-01-18 00:00:00,6.7,,6.963339309352417,0.2633393093524168
2005-01-18 01:00:00,5.0,,4.315959523150298,0.6840404768497024
2005-01-18 02:00:00,3.4,,3.4516350489648153,0.05163504896481541
2005-01-18 03:00:00,2.4,,2.9789465687334333,0.5789465687334334
2005-01-18 04:00:00,2.1,,2.6159857718946147,0.5159857718946146
2005-01-18 05:00:00,2.5,,2.6560066261492583,0.1560066261492583
2005-01-18 06:00:00,3.5,,3.3259736814227057,0.17402631857729434
2005-01-18 07:00:00,6.9,,7.220800688149371,0.32080068814937057
2005-01-18 08:00:00,16.8,,18.01385636712154,1.21385636712154
2005-01-18 09:00:00,20.3,,21.690702899454973,1.390702899454972
2005-01-18 10:00:00,25.0,,25.750978193486368,0.7509781934863682
2005-01-18 11:00:00,17.2,,19.444957265595512,2.244957265595513
2005-01-18 12:00:00,21.4,,20.589222565271186,0.8107774347288128
2005-01-18 13:00:00,25.1,,28.741129662063067,3.641129662063065
2005-01-18 14:00:00,28.0,,29.674582594717087,1.6745825947170871
2005-01-18 15:00:00,26.1,,27.69779777297101,1.5977977729710098
2005-01-18 16:00:00,24.7,,27.1728508283335,2.4728508283335024
2005-01-18 17:00:00,24.5,,27.043454818083625,2.5434548180836245
2005-01-18 18:00:00,27.7,,28.65652564764071,0.95652564764071
2005-01-18 19:00:00,26.0,,28.08614743491439,2.086147434914391
2005-01-18 20:00:00,21.7,,21.48261748138416,0.2173825186158389
2005-01-18 21:00:00,6.0,,6.802919745221455,0.8029197452214554
2005-01-18 22:00:00,3.3,,4.039938463764635,0.7399384637646351
2005-01-18 23:00:00,4.9,,5.205827638359804,0.305827638359804
2005-01-19 00:00:00,6.6,,6.467488524177372,0.13251147582262757
2005-01-19 01:00:00,6.7,,5.5716243754615125,1.1283756245384877
2005-01-19 02:00:00,4.4,,4.528736386429126,0.128736386429126
2005-01-19 03:00:00,1.5,,2.598154284379202,1.098154284379202
2005-01-19 04:00:00,1.1,,1.6052110956073942,0.5052110956073941
2005-01-19 05:00:00,0.9,,1.5586688104444468,0.6586688104444468
2005-01-19 06:00:00,1.2,,1.467634730114223,0.267634730114223
2005-01-19 07:00:00,2.5,,2.5592087033739017,0.05920870337390172
2005-01-19 08:00:00,7.6,,7.3449122004951,0.25508779950489924
2005-01-19 09:00:00,7.3,,7.561876896367795,0.2618768963677951
2005-01-19 10:00:00,3.7,,3.3692534696135,0.33074653038650004
2005-01-19 11:00:00,2.5,,3.7180215272712527,1.2180215272712527
2005-01-19 12:00:00,2.7,,3.5492068196708733,0.8492068196708731
2005-01-19 13:00:00,4.6,,4.082231268009762,0.5177687319902375
2005-01-19 14:00:00,6.7,,5.94307371299213,0.7569262870078699
2005-01-19 15:00:00,4.3,,3.912230247351534,0.3877697526484658
2005-01-19 16:00:00,4.3,,3.97814471388106,0.3218552861189399
2005-01-19 17:00:00,4.1,,4.099745140622203,0.00025485937779645695
2005-01-19 18:00:00,7.6,,6.434001546144999,1.1659984538550008
2005-01-19 19:00:00,7.0,,6.658437371356049,0.3415626286439508
2005-01-19 20:00:00,9.6,,7.71628645678377,1.8837135432162295
2005-01-19 21:00:00,7.8,,6.654557660890342,1.1454423391096578
2005-01-19 22:00:00,2.4,,2.8895108933077345,0.48951089330773456
2005-01-19 23:00:00,3.9,,3.7334429232929938,0.16655707670700615
2005-01-20 00:00:00,4.1,,3.7204283060367693,0.3795716939632303
2005-01-20 01:00:00,2.5,,2.9569784483007537,0.45697844830075374
2005-01-20 02:00:00,1.3,,1.5175580882601702,0.2175580882601702
2005-01-20 03:00:00,1.2,,0.9287133006124824,0.2712866993875176
2005-01-20 04:00:00,0.7,,0.4762744112678569,0.22372558873214304
2005-01-20 05:00:00,0.9,,0.7319159741682547,0.1680840258317453
2005-01-20 06:00:00,2.9,,2.4778076643356606,0.42219233566433934
2005-01-20 07:00:00,2.7,,2.69875909213885,0.0012409078611503865
2005-01-20 08:00:00,14.4,,13.002460972556776,1.3975390274432247
2005-01-20 09:00:00,17.2,,16.241271206410318,0.9587287935896818
2005-01-20 10:00:00,17.4,,16.81065925314504,0.5893407468549583
2005-01-20 11:00:00,11.5,,11.134063602214368,0.3659363977856316
2005-01-20 12:00:00,11.9,,11.917545710981535,0.017545710981535123
2005-01-20 13:00:00,12.6,,13.524012191568394,0.9240121915683943
2005-01-20 14:00:00,14.3,,14.564831924074872,0.2648319240748709
2005-01-20 15:00:00,10.3,,10.609875570371694,0.3098755703716929
2005-01-20 16:00:00,14.5,,14.121402146635877,0.37859785336412344
2005-01-20 17:00:00,21.9,,21.757776352100358,0.14222364789964104
2005-01-20 18:00:00,28.5,,27.966467853064845,0.5335321469351548
2005-01-20 19:00:00,21.2,,19.34474346323601,1.8552565367639886
2005-01-20 20:00:00,16.0,,14.34117010356413,1.6588298964358703
2005-01-20 21:00:00,13.0,,11.982608289728207,1.0173917102717933
2005-01-20 22:00:00,7.0,,7.782180756386597,0.7821807563865972
2005-01-20 23:00:00,6.4,,7.608957048185939,1.2089570481859386
2005-01-21 00:00:00,5.8,,5.836823169727501,0.03682316972750144
2005-01-21 01:00:00,5.6,,5.704423991287728,0.10442399128772806
2005-01-21 02:00:00,4.5,,4.5868373550408545,0.08683735504085455
2005-01-21 03:00:00,4.6,,4.178728476197069,0.42127152380293076
2005-01-21 04:00:00,5.9,,5.632652234763561,0.26734776523643955
2005-01-21 05:00:00,6.6,,7.649859360159413,1.049859360159413
2005-01-21 06:00:00,9.2,,8.692334926413197,0.5076650735868018
2005-01-21 07:00:00,12.2,,11.69416675198497,0.5058332480150298
2005-01-21 08:00:00,22.6,,22.28254028424573,0.31745971575427134
2005-01-21 09:00:00,29.0,,27.080747804778902,1.9192521952210981
2005-01-21 10:00:00,19.4,,17.79051671099346,1.609483289006537
2005-01-21 11:00:00,20.5,,18.018063541955634,2.481936458044366
2005-01-21 12:00:00,22.5,,24.553131320389326,2.053131320389326
2005-01-21 13:00:00,24.0,,27.9615254904551,3.9615254904550987
2005-01-21 14:00:00,13.9,,16.016880779942873,2.116880779942873
2005-01-21 15:00:00,16.8,,18.012747441898174,1.2127474418981734
2005-01-21 16:00:00,20.2,,23.63900344360967,3.4390034436096713
2005-01-21 17:00:00,16.4,,18.303114352285093,1.903114352285094
2005-01-21 18:00:00,18.0,,18.027885014262914,0.0278850142629139
2005-01-21 19:00:00,20.3,,20.30262341931209,0.002623419312090647
2005-01-21 20:00:00,38.1,,38.111071845810706,0.011071845810704417
2005-01-21 21:00:00,35.7,,32.64446825273144,3.05553174726856
2005-01-21 22:00:00,21.8,,19.55356287813303,2.246437121866972
2005-01-21 23:00:00,18.2,,17.81992594310708,0.3800740568929193
2005-01-22 00:00:00,20.1,,18.171471694665318,1.9285283053346838
2005-01-22 01:00:00,14.4,,13.424904309862466,0.9750956901375343
2005-01-22 02:00:00,15.1,,13.806294377732163,1.2937056222678365
2005-01-22 03:00:00,13.1,,11.928759095621642,1.171240904378358
2005-01-22 04:00:00,11.5,,10.697675361418664,0.8023246385813358
2005-01-22 05:00:00,13.7,,13.14482755864453,0.5551724413554702
2005-01-22 06:00:00,11.6,,11.513819596334933,0.08618040366506641
2005-01-22 07:00:00,13.2,,14.37232029824343,1.1723202982434309
2005-01-22 08:00:00,15.6,,16.721443788954474,1.1214437889544744
2005-01-22 09:00:00,16.9,,16.614444086144122,0.28555591385587675
2005-01-22 10:00:00,18.5,,17.281634070920052,1.2183659290799476
2005-01-22 11:00:00,16.6,,15.485588835891885,1.114411164108116
2005-01-22 12:00:00,15.0,,16.176444818791143,1.1764448187911434
2005-01-22 13:00:00,15.0,,15.916642568856547,0.9166425688565472
2005-01-22 14:00:00,16.9,,17.99537087731091,1.0953708773109128
2005-01-22 15:00:00,7.0,,8.41197154050268,1.4119715405026803
2005-01-22 16:00:00,5.9,,8.095934565794153,2.1959345657941522
2005-01-22 17:00:00,7.1,,8.662416377652068,1.5624163776520685
2005-01-22 18:00:00,8.6,,8.915717626918275,0.3157176269182749
2005-01-22 19:00:00,12.2,,13.954908201971305,1.7549082019713058
2005-01-22 20:00:00,12.6,,12.948952982709521,0.34895298270952146
2005-01-22 21:00:00,21.1,,17.691886259911108,3.4081137400888935
2005-01-22 22:00:00,16.9,,13.464848234341195,3.4351517656588033
2005-01-22 23:00:00,15.1,,12.392972456535093,2.707027543464907
2005-01-23 00:00:00,10.1,,9.635867775879854,0.46413222412014576
2005-01-23 01:00:00,7.5,,7.6916566686085694,0.19165666860856945
2005-01-23 02:00:00,7.6,,6.345514086482721,1.2544859135172786
2005-01-23 03:00:00,5.9,,4.276248130701736,1.623751869298264
2005-01-23 04:00:00,5.5,,4.166256471280174,1.3337435287198263
2005-01-23 05:00:00,2.3,,2.8756541529562,0.5756541529562003
2005-01-23 06:00:00,2.0,,2.524274512185428,0.524274512185428
2005-01-23 07:00:00,1.6,,2.037126349014726,0.4371263490147257
2005-01-23 08:00:00,2.1,,2.3287110318836093,0.2287110318836092
2005-01-23 09:00:00,4.4,,4.696532679847021,0.2965326798470205
2005-01-23 10:00:00,6.4,,6.708664578644197,0.30866457864419683
2005-01-23 11:00:00,7.3,,6.89700988619946,0.4029901138005396
2005-01-23 12:00:00,8.7,,8.523576349104601,0.1764236508953978
2005-01-23 13:00:00,9.2,,9.175142409528455,0.024857590471544455
2005-01-23 14:00:00,7.9,,8.299280968060286,0.39928096806028535
2005-01-23 15:00:00,9.0,,8.675638928672303,0.3243610713276972
2005-01-23 16:00:00,7.0,,6.443500908642714,0.5564990913572858
2005-01-23 17:00:00,3.7,,4.695806789334572,0.9958067893345719
2005-01-23 18:00:00,4.3,,5.61087791593096,1.31087791593096
2005-01-23 19:00:00,6.8,,7.095918124038973,0.2959181240389732
2005-01-23 20:00:00,8.7,,9.573795234748374,0.8737952347483748
2005-01-23 21:00:00,4.7,,5.174647357023285,0.47464735702328475
2005-01-23 22:00:00,3.5,,4.873462296459131,1.373462296459131
2005-01-23 23:00:00,5.4,,5.992697293545398,0.592697293545398
2005-01-24 00:00:00,4.4,,5.180190137548506,0.7801901375485061
2005-01-24 01:00:00,6.0,,5.8338197710432445,0.16618022895675555
2005-01-24 02:00:00,7.6,,7.416574042047161,0.18342595795283856
2005-01-24 03:00:00,1.9,,1.9685486442153879,0.06854864421538798
2005-01-24 04:00:00,1.0,,0.5600187356004726,0.43998126439952745
2005-01-24 05:00:00,0.6,,0.22412972830977976,0.37587027169022025
2005-01-24 06:00:00,1.2,,1.1459108031929304,0.054089196807069584
2005-01-24 07:00:00,2.9,,2.7065021105118645,0.1934978894881354
2005-01-24 08:00:00,11.1,,11.269734200198847,0.16973420019884777
2005-01-24 09:00:00,9.7,,9.24484930331857,0.4551506966814287
2005-01-24 10:00:00,5.7,,6.0776830304538105,0.37768303045381035
2005-01-24 11:00:00,5.4,,6.040692557542636,0.6406925575426357
2005-01-24 12:00:00,5.1,,6.591231270017769,1.491231270017769
2005-01-24 13:00:00,5.8,,6.941345274176286,1.1413452741762864
2005-01-24 14:00:00,5.6,,6.737995784902055,1.1379957849020554
2005-01-24 15:00:00,8.0,,8.243655088440667,0.24365508844066674
2005-01-24 16:00:00,7.1,,8.103661773973698,1.0036617739736986
2005-01-24 17:00:00,7.6,,8.779127907870162,1.1791279078701624
2005-01-24 18:00:00,10.4,,10.357130431312426,0.042869568687574855
2005-01-24 19:00:00,8.9,,8.814379425645324,0.0856205743546763
2005-01-24 20:00:00,7.3,,6.941278069782863,0.35872193021713716
2005-01-24 21:00:00,3.6,,3.830912752287183,0.23091275228718278
2005-01-24 22:00:00,1.7,,2.0560583026556416,0.35605830265564165
2005-01-24 23:00:00,1.5,,1.611093054001504,0.11109305400150404
2005-01-25 00:00:00,1.0,,1.5057151749735027,0.5057151749735027
2005-01-25 01:00:00,0.6,,0.98869344960534,0.38869344960534
2005-01-25 02:00:00,0.4,,0.6731784476664514,0.2731784476664514
2005-01-25 03:00:00,0.3,,0.19190914862466738,0.10809085137533261
2005-01-25 04:00:00,0.2,,0.1717443008456867,0.028255699154313307
2005-01-25 05:00:00,0.2,,0.11781575463644833,0.08218424536355168
2005-01-25 06:00:00,0.1,,0.23594721378895886,0.13594721378895885
2005-01-25 07:00:00,0.4,,0.6479869953834351,0.24798699538343505
2005-01-25 08:00:00,2.9,,2.33230512631711,0.56769487368289
2005-01-25 09:00:00,5.4,,4.4900568088435,0.9099431911565006
2005-01-25 10:00:00,5.1,,4.031160370204238,1.0688396297957619
2005-01-25 11:00:00,3.8,,4.055345318995194,0.25534531899519397
2005-01-25 12:00:00,3.9,,4.119153822091697,0.21915382209169687
2005-01-25 13:00:00,3.6,,4.198384656367099,0.5983846563670991
2005-01-25 14:00:00,4.2,,4.282849583837136,0.08284958383713548
2005-01-25 15:00:00,3.6,,3.8210764172249676,0.22107641722496751
2005-01-25 16:00:00,3.6,,4.1722135402176,0.5722135402175996
2005-01-25 17:00:00,3.9,,4.400443036511649,0.500443036511649
2005-01-25 18:00:00,4.9,,4.960733088343642,0.06073308834364166
2005-01-25 19:00:00,5.8,,5.598056810670034,0.2019431893299659
2005-01-25 20:00:00,6.1,,5.927819076944794,0.1721809230552056
2005-01-25 21:00:00,2.8,,3.3140726375855767,0.5140726375855769
2005-01-25 22:00:00,2.4,,2.7289112943651905,0.3289112943651906
2005-01-25 23:00:00,1.5,,1.6388880594959705,0.1388880594959705
2005-01-26 00:00:00,1.1,,1.5849328583275908,0.4849328583275907
2005-01-26 01:00:00,0.9,,1.1923571100603498,0.2923571100603498
2005-01-26 02:00:00,0.4,,0.5906588913077375,0.1906588913077375
2005-01-26 03:00:00,0.3,,0.22256745840125927,0.07743254159874072
2005-01-26 04:00:00,0.2,,0.06774166539966439,0.13225833460033562
2005-01-26 05:00:00,0.1,,0.21225882765557985,0.11225882765557985
2005-01-26 06:00:00,0.5,,0.2931206809205296,0.20687931907947038
2005-01-26 07:00:00,0.9,,0.9081355707746663,0.008135570774666312
2005-01-26 08:00:00,3.3,,2.722237418609711,0.5777625813902887
2005-01-26 09:00:00,4.4,,3.8745975148195977,0.5254024851804027
2005-01-26 10:00:00,2.8,,3.1683538774909064,0.36835387749090653
2005-01-26 11:00:00,3.2,,3.6338121067541276,0.4338121067541274
2005-01-26 12:00:00,2.7,,3.39774784917088,0.69774784917088
2005-01-26 13:00:00,3.5,,3.489826954422869,0.010173045577130946
2005-01-26 14:00:00,4.8,,4.413448627333848,0.386551372666152
2005-01-26 15:00:00,3.4,,3.9319486930929957,0.5319486930929958
2005-01-26 16:00:00,4.2,,4.86379127135097,0.6637912713509699
2005-01-26 17:00:00,4.2,,4.314209003886206,0.1142090038862058
2005-01-26 18:00:00,8.5,,9.517967655340618,1.0179676553406178
2005-01-26 19:00:00,9.2,,10.207202381941604,1.007202381941605
2005-01-26 20:00:00,7.6,,7.801883952116899,0.20188395211689958
2005-01-26 21:00:00,6.2,,5.833468531727886,0.3665314682721146
2005-01-26 22:00:00,2.9,,3.562968136452888,0.6629681364528879
2005-01-26 23:00:00,2.5,,3.3497572766021575,0.8497572766021575
2005-01-27 00:00:00,2.6,,3.5099540587816835,0.9099540587816835
2005-01-27 01:00:00,2.2,,3.1755534272718826,0.9755534272718824
2005-01-27 02:00:00,2.5,,3.0542686758337734,0.5542686758337734
2005-01-27 03:00:00,0.8,,0.9808717428148926,0.1808717428148926
2005-01-27 04:00:00,0.3,,0.4489719000372386,0.1489719000372386
2005-01-27 05:00:00,0.3,,0.383790015386181,0.08379001538618103
2005-01-27 06:00:00,0.7,,0.842287955717635,0.14228795571763508
2005-01-27 07:00:00,1.4,,1.9403742861998712,0.5403742861998713
2005-01-27 08:00:00,6.6,,7.454629088788035,0.8546290887880357
2005-01-27 09:00:00,8.4,,9.606749479643097,1.206749479643097
2005-01-27 10:00:00,5.5,,6.802398852816023,1.3023988528160233
2005-01-27 11:00:00,3.5,,4.248575454878755,0.7485754548787549
2005-01-27 12:00:00,3.0,,3.7867134659581727,0.7867134659581727
2005-01-27 13:00:00,4.1,,4.59957660620509,0.4995766062050899
2005-01-27 14:00:00,4.7,,5.066420292006803,0.3664202920068025
2005-01-27 15:00:00,4.5,,5.015812484612585,0.5158124846125851
2005-01-27 16:00:00,4.7,,4.902438007546568,0.2024380075465677
2005-01-27 17:00:00,5.1,,5.948539440258558,0.8485394402585582
2005-01-27 18:00:00,7.7,,8.664168396468344,0.9641683964683443
2005-01-27 19:00:00,10.3,,10.395485869560932,0.09548586956093175
2005-01-27 20:00:00,11.5,,10.45944113614796,1.0405588638520396
2005-01-27 21:00:00,6.0,,7.055434780408383,1.0554347804083832
2005-01-27 22:00:00,3.6,,4.107589033815814,0.507589033815814
2005-01-27 23:00:00,4.3,,4.896344293020157,0.5963442930201568
2005-01-28 00:00:00,3.4,,3.9688099986712078,0.5688099986712079
2005-01-28 01:00:00,2.4,,3.226761405531391,0.826761405531391
2005-01-28 02:00:00,2.0,,2.255465123320419,0.2554651233204188
2005-01-28 03:00:00,1.4,,1.7850688063056113,0.38506880630561136
2005-01-28 04:00:00,1.2,,1.293117107027855,0.09311710702785514
2005-01-28 05:00:00,0.9,,0.9382660769885789,0.03826607698857887
2005-01-28 06:00:00,1.6,,1.7561642976588685,0.1561642976588684
2005-01-28 07:00:00,1.7,,2.092145993213914,0.3921459932139142
2005-01-28 08:00:00,6.2,,5.767550630110402,0.43244936988959815
2005-01-28 09:00:00,8.2,,8.16300924260111,0.036990757398889684
2005-01-28 10:00:00,6.4,,5.3734764199915155,1.0265235800084849
2005-01-28 11:00:00,5.9,,5.1732855668885485,0.7267144331114519
2005-01-28 12:00:00,5.7,,5.594794806010841,0.10520519398915962
2005-01-28 13:00:00,5.3,,4.630869697798159,0.6691303022018404
2005-01-28 14:00:00,7.3,,6.418182318687678,0.881817681312322
2005-01-28 15:00:00,5.1,,4.196008984614107,0.903991015385893
2005-01-28 16:00:00,3.9,,4.083617271421173,0.183617271421173
2005-01-29 02:00:00,0.8,,1.1900879890101934,0.39008798901019337
2005-01-29 03:00:00,0.6,,0.6218882377521217,0.021888237752121675
2005-01-29 04:00:00,0.5,,0.49024733086405076,0.009752669135949243
2005-01-29 05:00:00,0.5,,0.49024733086405076,0.009752669135949243
2005-01-29 06:00:00,0.6,,0.5470951752696783,0.05290482473032165
2005-01-29 07:00:00,0.9,,0.9242935450326996,0.024293545032699537
2005-01-29 08:00:00,2.0,,1.8109746339703243,0.18902536602967568
2005-01-29 09:00:00,2.8,,3.033718050372258,0.233718050372258
2005-01-29 10:00:00,2.8,,3.236234288784232,0.4362342887842323
2005-01-29 11:00:00,3.0,,3.5199414612603457,0.5199414612603457
2005-01-29 12:00:00,2.4,,3.341363765834304,0.9413637658343039
2005-01-29 13:00:00,2.5,,3.361557095000153,0.861557095000153
2005-01-29 14:00:00,3.0,,3.858626756868613,0.8586267568686128
2005-01-29 15:00:00,2.2,,3.157239073739064,0.9572390737390637
2005-01-29 16:00:00,2.6,,3.2455268797004786,0.6455268797004785
2005-01-29 17:00:00,3.4,,3.977898539963638,0.577898539963638
2005-01-29 18:00:00,3.0,,3.889417462029166,0.8894174620291659
2005-01-29 19:00:00,3.1,,3.800551227024646,0.7005512270246461
2005-01-29 20:00:00,3.4,,3.857185285767382,0.45718528576738215
2005-01-29 21:00:00,2.9,,3.91645977270747,1.0164597727074702
2005-01-29 22:00:00,1.7,,2.6661715187300987,0.9661715187300988
2005-01-29 23:00:00,1.6,,2.2338418459718805,0.6338418459718804
2005-01-30 00:00:00,2.3,,3.114139390954522,0.814139390954522
2005-01-30 01:00:00,2.2,,3.2888396905900095,1.0888396905900093
2005-01-30 02:00:00,1.7,,2.3137923481221514,0.6137923481221514
2005-01-30 03:00:00,2.2,,2.335023515550051,0.135023515550051
2005-01-30 04:00:00,1.8,,2.0675741400106666,0.2675741400106666
2005-01-30 05:00:00,0.6,,0.7019017323963035,0.10190173239630351
2005-01-30 06:00:00,0.6,,0.6376854670151579,0.03768546701515796
2005-01-30 07:00:00,0.4,,0.5338471915711351,0.13384719157113512
2005-01-30 08:00:00,0.7,,0.9917845944723993,0.29178459447239935
2005-01-30 09:00:00,1.2,,1.7483300591138946,0.5483300591138947
2005-01-30 10:00:00,1.4,,2.3107251707202106,0.9107251707202106
2005-01-30 11:00:00,2.0,,2.449905982095528,0.4499059820955278
2005-01-30 12:00:00,2.0,,2.8074188070632315,0.8074188070632315
2005-01-30 13:00:00,1.6,,2.3188436553790432,0.7188436553790432
2005-01-30 14:00:00,1.6,,3.048645601674992,1.448645601674992
2005-01-30 15:00:00,1.8,,2.7357201221794276,0.9357201221794276
2005-01-30 16:00:00,1.8,,3.0005960243421366,1.2005960243421365
2005-01-30 17:00:00,2.6,,3.8324474328268505,1.2324474328268504
2005-01-30 18:00:00,2.0,,3.3012678585969777,1.3012678585969777
2005-01-30 19:00:00,2.8,,4.042113889869917,1.242113889869917
2005-01-30 20:00:00,3.9,,4.740822983334138,0.8408229833341383
2005-01-30 21:00:00,4.1,,4.692304849154546,0.5923048491545462
2005-01-30 22:00:00,2.4,,3.428433623467454,1.0284336234674543
2005-01-30 23:00:00,3.5,,4.136666548458314,0.6366665484583143
2005-01-31 00:00:00,4.6,,5.419312148815694,0.819312148815694
2005-01-31 01:00:00,3.0,,3.6362178906602103,0.6362178906602103
2005-01-31 02:00:00,1.0,,1.4159836079012236,0.4159836079012236
2005-01-31 03:00:00,0.5,,0.7751971464782764,0.2751971464782764
2005-01-31 04:00:00,0.4,,0.6332871881256393,0.2332871881256393
2005-01-31 05:00:00,0.3,,0.6332871881256393,0.33328718812563934
2005-01-31 06:00:00,0.6,,1.086292808722541,0.486292808722541
2005-01-31 07:00:00,1.4,,2.034958678070483,0.634958678070483
2005-01-31 08:00:00,7.1,,8.641389122485519,1.5413891224855192
2005-01-31 09:00:00,14.0,,14.285963586140442,0.2859635861404417
2005-01-31 10:00:00,15.1,,15.487564296396519,0.3875642963965191
2005-01-31 11:00:00,12.5,,13.03301330390035,0.5330133039003506
2005-01-31 12:00:00,12.8,,13.448755020903237,0.648755020903236
2005-01-31 13:00:00,11.9,,12.914029873269293,1.0140298732692923
2005-01-31 14:00:00,11.7,,12.972408770182957,1.2724087701829578
2005-01-31 15:00:00,14.7,,14.174274219914599,0.5257257800854003
2005-01-31 16:00:00,15.7,,15.35206975698919,0.34793024301080955
2005-01-31 17:00:00,21.1,,19.970976442998055,1.129023557001947
2005-01-31 18:00:00,27.4,,24.139618324445852,3.2603816755541466
2005-01-31 19:00:00,30.8,,33.39151864381694,2.5915186438169364
2005-01-31 20:00:00,29.2,,32.54428070181631,3.344280701816313
2005-01-31 21:00:00,15.0,,14.999304548122618,0.0006954518773820695
2005-01-31 22:00:00,7.1,,9.550313663346003,2.4503136633460034
2005-01-31 23:00:00,5.4,,8.278904941867404,2.878904941867404
2005-02-01 00:00:00,4.8,,6.882882754386887,2.082882754386887
2005-02-01 01:00:00,3.8,,5.020530056360622,1.220530056360622
2005-02-01 02:00:00,3.5,,4.403187224592145,0.9031872245921448
2005-02-01 03:00:00,3.3,,3.637491176559819,0.3374911765598192
2005-02-01 04:00:00,3.6,,4.42738041788259,0.8273804178825901
2005-02-01 05:00:00,3.8,,4.963046140735423,1.163046140735423
2005-02-01 06:00:00,4.2,,4.967946429958374,0.767946429958374
2005-02-01 07:00:00,7.7,,10.061092169063194,2.361092169063194
2005-02-01 08:00:00,20.0,,22.07484062947959,2.0748406294795885
2005-02-01 09:00:00,22.1,,33.0223038554381,10.922303855438102
2005-02-01 10:00:00,17.2,,20.887657317778668,3.687657317778669
2005-02-01 11:00:00,21.4,,27.320760767614388,5.920760767614389
2005-02-01 12:00:00,19.8,,22.321611762045574,2.5216117620455734
2005-02-01 13:00:00,18.8,,18.328589233463084,0.47141076653691627
2005-02-01 14:00:00,18.8,,19.994224329811654,1.1942243298116537
2005-02-01 15:00:00,16.7,,18.45370833010374,1.7537083301037413
2005-02-01 16:00:00,14.4,,17.469479350498816,3.069479350498815
2005-02-01 17:00:00,16.3,,19.09287231675118,2.792872316751179
2005-02-01 18:00:00,14.4,,14.591024659543283,0.19102465954328274
2005-02-01 19:00:00,17.0,,16.869620960350794,0.13037903964920616
2005-02-01 20:00:00,14.8,,14.17062871636724,0.6293712836327607
2005-02-01 21:00:00,9.8,,9.673160201883556,0.1268397981164444
2005-02-01 22:00:00,6.1,,6.702367570005581,0.6023675700055815
2005-02-01 23:00:00,5.4,,6.318105160600056,0.9181051606000556
2005-02-02 00:00:00,4.7,,5.220861094151971,0.5208610941519707
2005-02-02 01:00:00,5.1,,5.176961124013722,0.07696112401372268
2005-02-02 02:00:00,6.9,,6.933912951534225,0.03391295153422469
2005-02-02 03:00:00,7.3,,7.090986213770989,0.20901378622901046
2005-02-02 04:00:00,4.8,,4.631706018687283,0.16829398131271667
2005-02-02 05:00:00,3.6,,3.9227204628106485,0.32272046281064837
2005-02-02 06:00:00,4.5,,4.70027320810146,0.20027320810145977
2005-02-02 07:00:00,5.2,,5.667952112598249,0.4679521125982484
2005-02-02 08:00:00,15.1,,17.843757382085602,2.7437573820856027
2005-02-02 09:00:00,27.3,,31.059960422154287,3.759960422154286
2005-02-02 10:00:00,19.6,,21.25626585057488,1.6562658505748793
2005-02-02 11:00:00,14.8,,16.190410017383147,1.3904100173831466
2005-02-02 12:00:00,14.5,,15.861124709437386,1.3611247094373855
2005-02-02 13:00:00,10.1,,10.863374095612269,0.763374095612269
2005-02-02 14:00:00,10.1,,11.042031234236738,0.9420312342367385
2005-02-02 15:00:00,8.3,,10.644427292345434,2.344427292345433
2005-02-02 16:00:00,9.0,,11.002951843468669,2.0029518434686686
2005-02-02 17:00:00,13.4,,15.627350667029326,2.2273506670293255
2005-02-02 18:00:00,19.5,,19.538052241374704,0.038052241374703755
2005-02-02 19:00:00,27.8,,26.760808477040744,1.039191522959257
2005-02-02 20:00:00,31.4,,33.230377681973856,1.8303776819738573
2005-02-02 21:00:00,15.6,,17.008054493409567,1.4080544934095673
2005-02-02 22:00:00,7.0,,8.858729603750882,1.8587296037508825
2005-02-02 23:00:00,7.8,,9.249153984079829,1.449153984079829
2005-02-03 00:00:00,5.6,,7.721122820742778,2.1211228207427784
2005-02-03 01:00:00,6.0,,7.526894327362873,1.5268943273628732
2005-02-03 02:00:00,3.9,,3.861877490966866,0.038122509033133856
2005-02-03 03:00:00,2.8,,3.239882679525467,0.43988267952546733
2005-02-03 04:00:00,2.6,,3.0723123088135456,0.47231230881354547
2005-02-03 05:00:00,2.9,,3.0899168505865138,0.18991685058651386
2005-02-03 06:00:00,2.8,,3.2438810110706036,0.44388101107060374
2005-02-03 07:00:00,4.2,,5.09410046660703,0.8941004666070302
2005-02-03 08:00:00,16.7,,19.576919912257633,2.876919912257634
2005-02-03 09:00:00,29.1,,32.210559254044135,3.1105592540441336
2005-02-03 10:00:00,20.7,,22.991685943458506,2.291685943458507
2005-02-03 11:00:00,15.5,,16.39781836045094,0.8978183604509411
2005-02-03 12:00:00,10.3,,11.343913523833185,1.0439135238331847
2005-02-03 13:00:00,13.8,,15.752781253822809,1.952781253822808
2005-02-03 14:00:00,12.7,,15.204968637652705,2.5049686376527056
2005-02-03 15:00:00,11.4,,13.16027141047245,1.7602714104724502
2005-02-03 16:00:00,10.2,,13.009096343200047,2.809096343200048
2005-02-03 17:00:00,14.3,,17.170719662527787,2.8707196625277867
2005-02-03 18:00:00,32.4,,34.08716669498755,1.6871666949875532
2005-02-03 19:00:00,29.0,,32.23938001832625,3.2393800183262513
2005-02-03 20:00:00,17.6,,17.48493711532648,0.11506288467352022
2005-02-03 21:00:00,12.6,,13.300622143250086,0.7006221432500865
2005-02-03 22:00:00,15.5,,15.793025060339687,0.2930250603396871
2005-02-03 23:00:00,9.1,,9.728587872715998,0.6285878727159986
2005-02-04 00:00:00,6.4,,8.587223666592672,2.187223666592672
2005-02-04 01:00:00,5.1,,5.882955141490353,0.7829551414903531
2005-02-04 02:00:00,3.3,,3.9979828086971074,0.6979828086971076
2005-02-04 03:00:00,5.3,,4.885876797464552,0.414123202535448
2005-02-04 04:00:00,3.1,,3.417370868598755,0.3173708685987551
2005-02-04 05:00:00,2.2,,2.8659021031366176,0.6659021031366175
2005-02-04 06:00:00,3.9,,4.05034768119013,0.15034768119012965
2005-02-04 07:00:00,6.9,,8.59053798099336,1.6905379809933603
2005-02-04 08:00:00,19.7,,20.927118896230738,1.2271188962307384
2005-02-04 09:00:00,20.1,,18.767244049371,1.332755950629
2005-02-04 10:00:00,16.3,,16.514753546287487,0.21475354628748633
2005-02-04 11:00:00,14.3,,15.069519178080872,0.7695191780808717
2005-02-04 12:00:00,7.0,,10.332163623172043,3.3321636231720433
2005-02-04 13:00:00,6.3,,8.358701200007411,2.0587012000074116
2005-02-04 14:00:00,8.6,,10.05139162494399,1.4513916249439909
2005-02-04 15:00:00,6.6,,7.682221888473245,1.0822218884732457
2005-02-04 16:00:00,6.1,,6.975569194218723,0.8755691942187234
2005-02-04 17:00:00,8.8,,9.374040448373293,0.5740404483732924
2005-02-04 18:00:00,9.4,,10.426329974079325,1.0263299740793244
2005-02-04 19:00:00,11.8,,11.706162561521074,0.09383743847892667
2005-02-04 20:00:00,11.3,,11.05897417483778,0.24102582516221993
2005-02-04 21:00:00,9.7,,9.758401787324186,0.058401787324186216
2005-02-04 22:00:00,5.8,,6.504685778041406,0.704685778041406
2005-02-04 23:00:00,5.3,,6.348555430398558,1.048555430398558
2005-02-05 00:00:00,5.3,,5.699339484547431,0.39933948454743096
2005-02-05 01:00:00,5.1,,5.351201707287609,0.25120170728760893
2005-02-05 02:00:00,4.8,,4.6221491965267765,0.17785080347322335
2005-02-05 03:00:00,6.4,,5.7509183736410066,0.6490816263589938
2005-02-05 04:00:00,7.0,,6.794066085763957,0.20593391423604324
2005-02-05 05:00:00,4.4,,4.2554775181927775,0.14452248180722282
2005-02-05 06:00:00,5.6,,5.284989820874292,0.31501017912570806
2005-02-05 07:00:00,7.3,,8.486845611523472,1.1868456115234727
2005-02-05 08:00:00,12.7,,13.837044520202928,1.1370445202029291
2005-02-05 09:00:00,11.3,,11.096105543109479,0.20389445689052188
2005-02-05 10:00:00,4.9,,6.361445280487731,1.4614452804877303
2005-02-05 11:00:00,3.8,,5.000167190098744,1.2001671900987443
2005-02-05 12:00:00,3.4,,4.469245229363844,1.0692452293638444
2005-02-05 13:00:00,4.2,,4.78152637325121,0.5815263732512097
2005-02-05 14:00:00,3.7,,4.636681579208257,0.9366815792082566
2005-02-05 15:00:00,3.3,,4.382636750267059,1.082636750267059
2005-02-05 16:00:00,3.4,,4.675352660974414,1.2753526609744141
2005-02-05 17:00:00,3.1,,4.435765727419075,1.335765727419075
2005-02-05 18:00:00,4.3,,4.83318612779029,0.5331861277902901
2005-02-05 19:00:00,6.2,,7.8438696636698575,1.6438696636698573
2005-02-05 20:00:00,5.2,,7.305056214447628,2.105056214447628
2005-02-05 21:00:00,5.8,,7.306271484392422,1.506271484392422
2005-02-05 22:00:00,3.5,,5.160760920085704,1.6607609200857043
2005-02-05 23:00:00,4.9,,6.833782721371755,1.9337827213717542
2005-02-06 00:00:00,4.7,,6.0110706742684865,1.3110706742684863
2005-02-06 01:00:00,4.9,,5.8244040053515915,0.9244040053515912
2005-02-06 02:00:00,5.0,,4.66007448531137,0.3399255146886304
2005-02-06 03:00:00,2.9,,3.675533000548755,0.7755330005487551
2005-02-06 04:00:00,2.6,,3.2928878267423043,0.6928878267423042
2005-02-06 05:00:00,1.8,,2.933003478542102,1.1330034785421021
2005-02-06 06:00:00,1.3,,2.10515606503377,0.8051560650337699
2005-02-06 07:00:00,1.5,,2.0874223301093777,0.5874223301093777
2005-02-06 08:00:00,1.3,,1.967462063108522,0.667462063108522
2005-02-06 09:00:00,2.0,,2.9195017072487137,0.9195017072487137
2005-02-06 10:00:00,4.3,,6.201900783289537,1.9019007832895376
2005-02-06 11:00:00,6.7,,8.183721976014292,1.4837219760142917
2005-02-06 12:00:00,4.6,,6.799178110571068,2.1991781105710686
2005-02-06 13:00:00,3.5,,4.3655706787940725,0.8655706787940725
2005-02-06 14:00:00,2.1,,3.2353159347113687,1.1353159347113686
2005-02-06 15:00:00,1.9,,2.6213371975328825,0.7213371975328826
2005-02-06 16:00:00,2.7,,3.3353444395651395,0.6353444395651393
2005-02-06 17:00:00,3.7,,4.685775132508996,0.9857751325089961
2005-02-06 18:00:00,2.9,,3.638509389724364,0.738509389724364
2005-02-06 19:00:00,4.5,,5.985729100002778,1.4857291000027777
2005-02-06 20:00:00,5.3,,6.692057248111884,1.3920572481118842
2005-02-06 21:00:00,3.7,,5.139993988893899,1.4399939888938986
2005-02-06 22:00:00,2.6,,3.8449857953211413,1.2449857953211412
2005-02-06 23:00:00,2.4,,3.74306639489784,1.34306639489784
2005-02-07 00:00:00,2.4,,3.390423327702413,0.990423327702413
2005-02-07 01:00:00,2.0,,3.2537543892828804,1.2537543892828804
2005-02-07 02:00:00,1.5,,2.2585686139476424,0.7585686139476424
2005-02-07 03:00:00,1.2,,1.7848954484909172,0.5848954484909172
2005-02-07 04:00:00,0.8,,1.4068452811676784,0.6068452811676783
2005-02-07 05:00:00,1.0,,1.8109564663768758,0.8109564663768758
2005-02-07 06:00:00,1.3,,2.6727402527447524,1.3727402527447523
2005-02-07 07:00:00,2.4,,4.087968168364889,1.6879681683648893
2005-02-07 08:00:00,8.7,,11.443441208891729,2.7434412088917295
2005-02-07 09:00:00,10.5,,13.012172445798647,2.5121724457986474
2005-02-07 10:00:00,7.9,,9.987078691671577,2.087078691671577
2005-02-07 11:00:00,6.5,,9.180955247069415,2.6809552470694147
2005-02-07 12:00:00,5.7,,7.733889181953736,2.033889181953736
2005-02-07 13:00:00,6.2,,8.266569480894779,2.0665694808947785
2005-02-07 14:00:00,5.4,,6.653713783918319,1.253713783918319
2005-02-07 15:00:00,4.9,,6.289757737825352,1.3897577378253514
2005-02-07 16:00:00,5.0,,6.236466156286541,1.236466156286541
2005-02-07 17:00:00,6.9,,9.919427156496933,3.019427156496933
2005-02-07 18:00:00,7.5,,9.791555041213552,2.2915550412135524
2005-02-07 19:00:00,8.2,,10.584542113808686,2.3845421138086866
2005-02-07 20:00:00,7.7,,8.992821049275339,1.2928210492753385
2005-02-07 21:00:00,4.5,,6.644542622968955,2.144542622968955
2005-02-07 22:00:00,2.7,,3.9195910967179426,1.2195910967179424
2005-02-07 23:00:00,2.3,,3.6715228817818506,1.3715228817818508
2005-02-08 00:00:00,2.1,,3.3055138474093826,1.2055138474093825
2005-02-08 01:00:00,1.4,,1.9851593953932105,0.5851593953932106
2005-02-08 02:00:00,0.8,,1.3509359386186306,0.5509359386186305
2005-02-08 03:00:00,0.6,,0.6543644110559691,0.05436441105596912
2005-02-08 04:00:00,1.0,,1.0415084905359644,0.04150849053596439
2005-02-08 05:00:00,1.3,,2.1778851891622124,0.8778851891622124
2005-02-08 06:00:00,1.6,,2.6603585062175688,1.0603585062175687
2005-02-08 07:00:00,3.0,,4.288830133021378,1.2888301330213778
2005-02-08 08:00:00,10.0,,12.03030215704662,2.03030215704662
2005-02-08 09:00:00,15.1,,17.964825714824325,2.8648257148243257
2005-02-08 10:00:00,8.6,,10.008288564832405,1.4082885648324055
2005-02-08 11:00:00,6.9,,8.980024729982476,2.080024729982476
2005-02-08 12:00:00,7.6,,10.273630104344337,2.673630104344337
2005-02-08 13:00:00,6.9,,9.13121029476671,2.2312102947667096
2005-02-08 14:00:00,8.5,,10.942238181714773,2.4422381817147727
2005-02-08 15:00:00,5.3,,7.359753620281414,2.0597536202814144
2005-02-08 16:00:00,4.4,,6.282230043682121,1.8822300436821209
2005-02-11 21:00:00,16.8,,21.959996757021546,5.1599967570215455
2005-02-11 22:00:00,13.0,,13.563601539044102,0.563601539044102
2005-02-11 23:00:00,12.6,,14.291806906524904,1.6918069065249046
2005-02-12 00:00:00,14.2,,15.784079465363165,1.5840794653631658
2005-02-12 01:00:00,12.9,,13.919899657723487,1.019899657723487
2005-02-12 02:00:00,9.7,,10.819357859863654,1.1193578598636549
2005-02-12 03:00:00,5.9,,6.9285893818886,1.0285893818886
2005-02-12 04:00:00,5.5,,6.970993056331159,1.4709930563311593
2005-02-12 05:00:00,6.6,,7.444141850575347,0.8441418505753475
2005-02-12 06:00:00,7.3,,7.69684046716734,0.39684046716734045
2005-02-12 07:00:00,8.8,,10.938443431815132,2.1384434318151317
2005-02-12 08:00:00,11.9,,13.546400731362507,1.6464007313625064
2005-02-12 09:00:00,12.0,,13.671901352286774,1.671901352286774
2005-02-12 10:00:00,11.9,,13.73390096511268,1.8339009651126794
2005-02-12 11:00:00,16.2,,16.21192126679422,0.011921266794221452
2005-02-12 12:00:00,17.6,,17.4642083018525,0.13579169814750003
2005-02-12 13:00:00,17.6,,20.936743466866258,3.336743466866256
2005-02-12 14:00:00,17.5,,20.133085916458956,2.633085916458956
2005-02-12 15:00:00,15.7,,18.019274420442812,2.319274420442813
2005-02-12 16:00:00,16.7,,19.562586971770052,2.862586971770053
2005-02-12 17:00:00,17.1,,19.624591321266205,2.524591321266204
2005-02-12 18:00:00,23.0,,31.534973321095396,8.534973321095396
2005-02-12 19:00:00,24.6,,31.64971144641381,7.049711446413809
2005-02-12 20:00:00,26.8,,32.0027436890867,5.202743689086699
2005-02-12 21:00:00,23.2,,29.99285215288664,6.792852152886642
2005-02-12 22:00:00,22.0,,29.476839768506355,7.4768397685063555
2005-02-12 23:00:00,20.4,,27.931310355686534,7.531310355686536
2005-02-13 00:00:00,18.0,,25.871156623435443,7.871156623435443
2005-02-13 01:00:00,18.5,,25.1523957043749,6.6523957043749
2005-02-13 02:00:00,13.3,,14.67442598078551,1.3744259807855101
2005-02-13 03:00:00,11.3,,12.886040460868598,1.5860404608685972
2005-02-13 04:00:00,12.5,,13.459474186942755,0.9594741869427548
2005-02-13 05:00:00,11.5,,13.420702622371568,1.920702622371568
2005-02-13 06:00:00,10.9,,10.818307421767374,0.08169257823262654
2005-02-13 07:00:00,10.7,,11.761872560592774,1.061872560592775
2005-02-13 08:00:00,11.9,,13.10959513654044,1.2095951365404396
2005-02-13 09:00:00,13.4,,15.111821988429318,1.7118219884293175
2005-02-13 10:00:00,13.0,,15.167916009648387,2.167916009648387
2005-02-13 11:00:00,11.2,,13.598700317737462,2.398700317737463
2005-02-13 12:00:00,5.5,,7.9002276760717125,2.4002276760717125
2005-02-13 13:00:00,4.9,,7.302567684065846,2.402567684065846
2005-02-13 14:00:00,6.5,,8.31180839635381,1.8118083963538094
2005-02-13 15:00:00,8.4,,9.778860905897348,1.3788609058973478
2005-02-13 16:00:00,4.4,,6.340555187934111,1.9405551879341107
2005-02-13 17:00:00,4.3,,6.398325556547505,2.098325556547505
2005-02-13 18:00:00,11.6,,11.99544474050128,0.3954447405012811
2005-02-13 19:00:00,9.0,,9.649409286328321,0.6494092863283214
2005-02-13 20:00:00,7.8,,8.994391251043762,1.1943912510437622
2005-02-13 21:00:00,3.7,,5.3019304179812625,1.6019304179812623
2005-02-13 22:00:00,5.3,,6.7441799273036045,1.4441799273036047
2005-02-13 23:00:00,5.6,,6.552073823491582,0.952073823491582
2005-02-14 00:00:00,5.3,,5.690540365212847,0.3905403652128472
2005-02-14 01:00:00,6.0,,6.665966161648004,0.6659661616480044
2005-02-14 02:00:00,4.0,,4.4609157188154285,0.4609157188154285
2005-02-14 03:00:00,2.8,,3.0221015509124944,0.22210155091249462
2005-02-14 04:00:00,1.8,,2.3718524103010736,0.5718524103010736
2005-02-14 05:00:00,1.5,,2.211926359149554,0.7119263591495542
2005-02-14 06:00:00,2.9,,3.4150905406384653,0.5150905406384654
2005-02-14 07:00:00,2.2,,2.871252630979581,0.671252630979581
2005-02-14 08:00:00,11.4,,12.365450476840278,0.9654504768402781
2005-02-14 09:00:00,9.5,,11.094430450101262,1.594430450101262
2005-02-14 10:00:00,11.6,,9.73315894861675,1.8668410513832505
2005-02-14 11:00:00,33.9,,14.866995531166395,19.033004468833603
2005-02-14 12:00:00,7.6,,6.369115361354105,1.230884638645895
2005-02-14 13:00:00,7.0,,6.486485757292352,0.5135142427076476
2005-02-14 14:00:00,6.9,,6.567885156539807,0.33211484346019304
2005-02-14 15:00:00,5.8,,5.7792675173362245,0.020732482663775365
2005-02-14 16:00:00,5.2,,5.674878839548702,0.474878839548702
2005-02-14 17:00:00,6.4,,7.614855691769843,1.2148556917698423
2005-02-14 18:00:00,11.9,,13.185981156988824,1.2859811569888233
2005-02-14 19:00:00,17.4,,16.36878876535116,1.0312112346488398
2005-02-14 20:00:00,14.7,,13.526807911529698,1.1731920884703015
2005-02-14 21:00:00,10.0,,9.458163384007074,0.541836615992926
2005-02-14 22:00:00,6.6,,8.322652374568714,1.722652374568714
2005-02-14 23:00:00,6.6,,8.108569023948323,1.5085690239483238
2005-02-15 00:00:00,3.1,,3.9394872302462396,0.8394872302462395
2005-02-15 01:00:00,2.2,,3.072546838232734,0.8725468382327337
2005-02-15 02:00:00,1.3,,1.3856971384227572,0.08569713842275717
2005-02-15 03:00:00,1.1,,0.9862581769545449,0.11374182304545521
2005-02-15 04:00:00,0.5,,0.5183866407475088,0.018386640747508842
2005-02-15 05:00:00,0.5,,0.5005874078597158,0.0005874078597157828
2005-02-15 06:00:00,1.3,,1.2112247679744608,0.08877523202553927
2005-02-15 07:00:00,2.5,,2.833033589553917,0.33303358955391715
2005-02-15 08:00:00,6.7,,8.14976490209933,1.4497649020993295
2005-02-15 09:00:00,8.0,,9.425879291436571,1.425879291436571
2005-02-15 10:00:00,5.3,,6.051154501510053,0.7511545015100536
2005-02-15 11:00:00,3.3,,4.145077378918999,0.8450773789189991
2005-02-15 12:00:00,4.4,,5.782154167620769,1.3821541676207687
2005-02-15 13:00:00,5.5,,6.473064859797872,0.9730648597978719
2005-02-15 14:00:00,4.8,,6.375184269981074,1.575184269981074
2005-02-15 15:00:00,3.5,,4.993552669362353,1.4935526693623533
2005-02-15 16:00:00,4.9,,6.1337317602241335,1.2337317602241331
2005-02-15 17:00:00,6.6,,8.874205168877957,2.274205168877957
2005-02-15 18:00:00,12.3,,14.42216198636875,2.1221619863687486
2005-02-15 19:00:00,14.1,,16.742809274998038,2.6428092749980383
2005-02-15 20:00:00,14.2,,14.69616389536045,0.4961638953604499
2005-02-15 21:00:00,11.6,,12.83112143807355,1.2311214380735507
2005-02-15 22:00:00,8.2,,10.196935254853116,1.996935254853117
2005-02-15 23:00:00,9.2,,10.271541483972122,1.0715414839721227
2005-02-16 00:00:00,8.3,,9.44630430862359,1.1463043086235896
2005-02-16 01:00:00,10.7,,10.595850835676703,0.1041491643232959
2005-02-16 02:00:00,8.0,,8.7622833521839,0.7622833521838999
2005-02-16 03:00:00,5.9,,8.192435965807105,2.2924359658071047
2005-02-16 04:00:00,4.5,,5.426458438337113,0.9264584383371126
2005-02-16 05:00:00,3.8,,4.808371945100327,1.0083719451003272
2005-02-16 06:00:00,5.1,,7.968643218585982,2.8686432185859827
2005-02-16 07:00:00,8.8,,11.262925952916499,2.462925952916498
2005-02-16 08:00:00,16.1,,19.53852181915934,3.4385218191593374
2005-02-16 09:00:00,13.4,,15.932785465359155,2.5327854653591544
2005-02-16 10:00:00,9.0,,10.29511420427702,1.29511420427702
2005-02-16 11:00:00,5.0,,6.395557748444336,1.395557748444336
2005-02-16 12:00:00,4.3,,5.847217487880151,1.5472174878801512
2005-02-16 13:00:00,6.3,,7.674915286720187,1.3749152867201868
2005-02-16 14:00:00,6.0,,7.020077277541393,1.020077277541393
2005-02-16 15:00:00,5.7,,7.135983874464065,1.435983874464065
2005-02-16 16:00:00,5.6,,6.935258232996543,1.3352582329965434
2005-02-16 17:00:00,7.0,,8.168572563748407,1.1685725637484072
2005-02-16 18:00:00,9.5,,10.964585921120726,1.464585921120726
2005-02-16 19:00:00,15.9,,18.167921124072958,2.2679211240729575
2005-02-16 20:00:00,24.7,,27.743392384852932,3.0433923848529325
2005-02-16 21:00:00,16.8,,18.741061477416647,1.9410614774166461
2005-02-16 22:00:00,10.7,,11.082113722996139,0.38211372299613977
2005-02-16 23:00:00,8.3,,9.277735069348035,0.977735069348034
2005-02-17 00:00:00,11.0,,10.890555856317844,0.10944414368215583
2005-02-17 01:00:00,7.4,,7.5130424147217365,0.11304241472173615
2005-02-17 02:00:00,7.9,,8.511406563906085,0.611406563906085
2005-02-17 03:00:00,3.6,,5.388931108451366,1.7889311084513655
2005-02-17 04:00:00,1.7,,2.549953277986657,0.8499532779866572
2005-02-17 05:00:00,1.0,,1.2117631449808668,0.2117631449808668
2005-02-17 06:00:00,1.1,,1.9106858206320607,0.8106858206320606
2005-02-17 07:00:00,4.0,,5.527113581897091,1.5271135818970913
2005-02-17 08:00:00,9.7,,12.525591028235379,2.8255910282353796
2005-02-17 09:00:00,10.6,,12.758088015079075,2.158088015079075
2005-02-17 10:00:00,5.4,,7.4672732404648885,2.067273240464888
2005-02-17 11:00:00,3.9,,5.670648765036173,1.770648765036173
2005-02-17 12:00:00,4.4,,6.10824948408685,1.70824948408685
2005-02-17 13:00:00,5.0,,5.821125923687093,0.8211259236870934
2005-02-17 14:00:00,6.8,,7.021016646697346,0.221016646697346
2005-02-17 15:00:00,4.8,,5.5008933270380345,0.7008933270380346
2005-02-17 16:00:00,5.0,,5.07438861063328,0.07438861063327984
2005-02-17 17:00:00,5.2,,5.83079426041943,0.6307942604194299
2005-02-17 18:00:00,10.0,,10.037932565201372,0.03793256520137156
2005-02-17 19:00:00,11.1,,12.93084901478014,1.8308490147801404
2005-02-17 20:00:00,12.9,,14.744415975427923,1.844415975427923
2005-02-17 21:00:00,7.8,,8.472609758038141,0.6726097580381412
2005-02-17 22:00:00,6.3,,6.189444721958088,0.1105552780419119
2005-02-17 23:00:00,2.8,,3.394708837670455,0.594708837670455
2005-02-18 00:00:00,3.3,,3.7902349567451625,0.4902349567451627
2005-02-18 01:00:00,3.1,,3.4982597147126455,0.39825971471264543
2005-02-18 02:00:00,2.1,,2.5051792012215848,0.4051792012215847
2005-02-18 03:00:00,1.9,,2.2116130287139133,0.3116130287139134
2005-02-18 04:00:00,0.7,,0.8188805092870526,0.11888050928705263
2005-02-18 05:00:00,0.8,,0.6987206935288742,0.10127930647112582
2005-02-18 06:00:00,1.3,,1.7775557390834877,0.4775557390834877
2005-02-18 07:00:00,1.8,,2.4496629276519237,0.6496629276519237
2005-02-18 08:00:00,7.9,,10.336692263971177,2.4366922639711763
2005-02-18 09:00:00,9.8,,12.163219575887908,2.363219575887907
2005-02-18 10:00:00,7.4,,8.46792464304616,1.06792464304616
2005-02-18 11:00:00,5.3,,6.1447942878949,0.8447942878949002
2005-02-18 12:00:00,4.8,,6.061738935083784,1.261738935083784
2005-02-18 13:00:00,5.6,,5.6961498183701345,0.09614981837013481
2005-02-18 14:00:00,6.6,,6.803294357879598,0.2032943578795985
2005-02-18 15:00:00,6.7,,7.348163254902058,0.648163254902058
2005-02-18 16:00:00,8.4,,9.114828680063939,0.7148286800639383
2005-02-18 17:00:00,10.3,,11.976938575630035,1.6769385756300341
2005-02-18 18:00:00,12.6,,14.089805383608121,1.4898053836081218
2005-02-18 19:00:00,16.0,,16.17436047956295,0.17436047956294942
2005-02-18 20:00:00,17.6,,17.75307663815685,0.1530766381568469
2005-02-18 21:00:00,10.1,,10.156869768351704,0.056869768351704764
2005-02-18 22:00:00,9.8,,10.598892128944158,0.7988921289441571
2005-02-18 23:00:00,11.5,,11.980136511087386,0.48013651108738564
2005-02-19 00:00:00,8.2,,8.380271554766477,0.1802715547664775
2005-02-19 01:00:00,6.8,,8.031173331986976,1.2311733319869758
2005-02-19 02:00:00,4.3,,4.432272370760576,0.1322723707605764
2005-02-19 03:00:00,3.9,,3.7325856024359725,0.16741439756402743
2005-02-19 04:00:00,2.6,,3.083055434182274,0.4830554341822739
2005-02-19 05:00:00,2.4,,2.9760438698235587,0.5760438698235588
2005-02-19 06:00:00,2.3,,3.149401672916577,0.849401672916577
2005-02-19 07:00:00,4.5,,4.961143196466946,0.4611431964669457
2005-02-19 08:00:00,8.5,,9.745093779688169,1.245093779688169
2005-02-19 09:00:00,9.0,,10.175839187954384,1.1758391879543844
2005-02-19 10:00:00,5.7,,7.3144823358800695,1.6144823358800693
2005-02-19 11:00:00,6.9,,8.61383248093761,1.7138324809376098
2005-02-19 12:00:00,6.4,,8.156886605563729,1.7568866055637287
2005-02-19 13:00:00,3.5,,6.479697219772689,2.9796972197726888
2005-02-19 14:00:00,3.7,,5.742710169337955,2.042710169337955
2005-02-19 15:00:00,2.9,,4.671062998876838,1.7710629988768383
2005-02-19 16:00:00,3.4,,5.276007781287962,1.8760077812879623
2005-02-19 17:00:00,5.3,,7.30230643291064,2.0023064329106406
2005-02-19 18:00:00,7.3,,9.344612038466046,2.0446120384660462
2005-02-19 19:00:00,10.0,,11.674905981332472,1.674905981332472
2005-02-19 20:00:00,12.3,,13.52835625217513,1.2283562521751286
2005-02-19 21:00:00,11.8,,13.166887769951309,1.3668877699513082
2005-02-19 22:00:00,10.4,,11.229798764513097,0.8297987645130966
2005-02-19 23:00:00,7.7,,8.631877081595238,0.9318770815952382
2005-02-20 00:00:00,7.5,,8.367688207252964,0.8676882072529644
2005-02-20 01:00:00,6.1,,7.258445541998642,1.158445541998642
2005-02-20 02:00:00,8.3,,9.000697648980527,0.7006976489805261
2005-02-20 03:00:00,5.1,,5.783608160087442,0.6836081600874424
2005-02-20 04:00:00,4.9,,5.31911990766433,0.4191199076643297
2005-02-20 05:00:00,1.9,,2.380962255438123,0.480962255438123
2005-02-20 06:00:00,1.0,,0.9371358888759737,0.06286411112402635
2005-02-20 07:00:00,1.1,,1.0902102942007506,0.009789705799249537
2005-02-20 08:00:00,1.5,,1.988176956914732,0.48817695691473206
2005-02-20 09:00:00,1.6,,2.4429441810852435,0.8429441810852434
2005-02-20 10:00:00,2.3,,3.1430176352422756,0.8430176352422758
2005-02-20 11:00:00,2.5,,3.554080311904482,1.0540803119044821
2005-02-20 12:00:00,2.5,,3.278231451640503,0.7782314516405031
2005-02-20 13:00:00,2.8,,3.694831941120963,0.8948319411209633
2005-02-20 14:00:00,2.4,,3.314273026853388,0.9142730268533881
2005-02-20 15:00:00,3.3,,3.897322880556067,0.5973228805560673
2005-02-20 16:00:00,3.2,,3.824227030435913,0.6242270304359128
2005-02-20 17:00:00,2.8,,3.732208550170487,0.9322085501704871
2005-02-20 18:00:00,3.4,,4.045797613464085,0.6457976134640853
2005-02-20 19:00:00,2.9,,3.8345819004075143,0.9345819004075144
2005-02-20 20:00:00,4.6,,5.143193957175418,0.5431939571754185
2005-02-20 21:00:00,3.8,,4.3721306143332646,0.5721306143332647
2005-02-20 22:00:00,3.1,,3.3498605548839744,0.2498605548839743
2005-02-20 23:00:00,3.7,,3.630381289433751,0.06961871056624913
2005-02-21 00:00:00,3.3,,3.8103317147056655,0.5103317147056656
2005-02-21 01:00:00,2.1,,2.6937846756482817,0.5937846756482816
2005-02-21 02:00:00,1.2,,1.3719823705210492,0.17198237052104925
2005-02-21 03:00:00,0.7,,0.7811427202559887,0.08114272025598879
2005-02-21 04:00:00,0.5,,0.5877822578122918,0.08778225781229176
2005-02-21 05:00:00,1.0,,1.1562506535505124,0.15625065355051238
2005-02-21 06:00:00,2.1,,2.4459709940999237,0.3459709940999236
2005-02-21 07:00:00,5.5,,5.288811068225997,0.21118893177400277
2005-02-21 08:00:00,10.9,,11.023444308759327,0.12344430875932666
2005-02-21 09:00:00,13.3,,15.096948923852999,1.796948923852998
2005-02-21 10:00:00,9.6,,12.465346708736798,2.865346708736798
2005-02-21 11:00:00,7.0,,9.159118947447276,2.1591189474472756
2005-02-21 12:00:00,6.6,,8.708119010097281,2.1081190100972815
2005-02-21 13:00:00,9.3,,11.376845485425518,2.076845485425517
2005-02-21 14:00:00,7.9,,9.126838668037708,1.2268386680377077
2005-02-21 15:00:00,6.9,,7.7651435685398145,0.8651435685398141
2005-02-21 16:00:00,8.6,,9.581486014674756,0.9814860146747559
2005-02-21 17:00:00,10.0,,11.965166281188377,1.9651662811883774
2005-02-21 18:00:00,8.8,,10.223721846075492,1.423721846075491
2005-02-21 19:00:00,20.2,,24.316572489200638,4.116572489200639
2005-02-21 20:00:00,19.7,,23.049542277509406,3.349542277509407
2005-02-21 21:00:00,7.1,,8.992434602715024,1.8924346027150243
2005-02-21 22:00:00,4.4,,5.8268548534852025,1.4268548534852021
2005-02-21 23:00:00,2.9,,4.720905125257355,1.820905125257355
2005-02-22 00:00:00,2.1,,3.2487106953285365,1.1487106953285364
2005-02-22 01:00:00,2.1,,3.2846811916139544,1.1846811916139544
2005-02-22 02:00:00,1.1,,2.28391245234713,1.1839124523471298
2005-02-22 03:00:00,0.6,,0.6914885465413191,0.0914885465413191
2005-02-22 04:00:00,0.5,,0.610826663863998,0.11082666386399798
2005-02-22 05:00:00,1.0,,1.286753803567897,0.2867538035678969
2005-02-22 06:00:00,2.6,,3.1020847585533833,0.5020847585533832
2005-02-22 07:00:00,6.7,,7.8039891036430955,1.1039891036430953
2005-02-22 08:00:00,16.7,,18.841647093242866,2.1416470932428666
2005-02-22 09:00:00,24.0,,28.36264885176101,4.3626488517610085
2005-02-22 10:00:00,15.0,,16.653118323622476,1.6531183236224756
2005-02-22 11:00:00,6.9,,6.71624929093587,0.18375070906412994
2005-02-22 12:00:00,9.1,,9.64682513327769,0.5468251332776912
2005-02-22 13:00:00,10.0,,11.557497358957715,1.5574973589577148
2005-02-22 14:00:00,12.9,,12.95212994642931,0.052129946429309015
2005-02-22 15:00:00,9.0,,8.94948848444454,0.05051151555545985
2005-02-22 16:00:00,10.9,,11.258459157196317,0.35845915719631627
2005-02-22 17:00:00,7.9,,7.392415234052799,0.5075847659472013
2005-02-22 18:00:00,10.2,,9.70048658781218,0.4995134121878184
2005-02-22 19:00:00,13.2,,12.202110846647539,0.9978891533524603
2005-02-22 20:00:00,8.1,,6.878997773311121,1.2210022266888787
2005-02-22 21:00:00,8.5,,8.906372170510462,0.4063721705104619
2005-02-22 22:00:00,3.6,,3.957396877306625,0.3573968773066247
2005-02-22 23:00:00,2.6,,3.7031635999840304,1.1031635999840304
2005-02-23 00:00:00,4.3,,4.399359638804839,0.099359638804839
2005-02-23 01:00:00,3.2,,3.453643850167612,0.2536438501676117
2005-02-23 02:00:00,1.8,,2.6954230608633467,0.8954230608633467
2005-02-23 03:00:00,1.4,,1.4356066856261904,0.035606685626190515
2005-02-23 04:00:00,1.2,,1.7243233928411432,0.5243233928411433
2005-02-23 05:00:00,0.7,,0.9626917433840012,0.26269174338400125
2005-02-23 06:00:00,1.0,,0.9144990212099307,0.08550097879006935
2005-02-23 07:00:00,2.2,,2.5397764850345195,0.3397764850345193
2005-02-23 08:00:00,7.7,,7.6430044204506835,0.056995579549316666
2005-02-23 09:00:00,6.2,,6.690295280151836,0.49029528015183566
2005-02-23 10:00:00,3.8,,3.952803045390627,0.15280304539062728
2005-02-23 11:00:00,3.6,,4.011985433141081,0.41198543314108127
2005-02-23 12:00:00,3.7,,4.595509628936055,0.8955096289360549
2005-02-23 13:00:00,8.3,,8.964495854940843,0.6644958549408422
2005-02-23 14:00:00,10.1,,11.192474747268161,1.0924747472681613
2005-02-23 15:00:00,9.9,,10.480157220483976,0.5801572204839758
2005-02-23 16:00:00,9.2,,10.067438432327739,0.8674384323277398
2005-02-23 17:00:00,10.3,,11.235608295283422,0.935608295283421
2005-02-23 18:00:00,11.4,,12.944421874092122,1.5444218740921212
2005-02-23 19:00:00,11.7,,13.730820174084812,2.0308201740848126
2005-02-23 20:00:00,12.6,,14.289219874395544,1.689219874395544
2005-02-23 21:00:00,11.4,,12.517500136762024,1.1175001367620236
2005-02-23 22:00:00,9.6,,9.959567205803328,0.35956720580332835
2005-02-23 23:00:00,4.6,,6.270772246742683,1.6707722467426835
2005-02-24 00:00:00,4.7,,5.193302284537069,0.4933022845370685
2005-02-24 01:00:00,2.6,,3.3996058712581863,0.7996058712581862
2005-02-24 02:00:00,2.9,,3.4459063681114532,0.5459063681114533
2005-02-24 03:00:00,1.5,,2.4983766947138806,0.9983766947138806
2005-02-24 04:00:00,1.3,,1.7743036221826711,0.4743036221826711
2005-02-24 05:00:00,1.2,,1.7743036221826711,0.5743036221826712
2005-02-24 06:00:00,3.0,,3.400578653223913,0.40057865322391306
2005-02-24 07:00:00,5.5,,6.840947320043472,1.3409473200434716
2005-02-24 08:00:00,12.9,,15.185972734157836,2.285972734157836
2005-02-24 09:00:00,14.5,,16.960716439625166,2.460716439625166
2005-02-24 10:00:00,9.0,,11.06019302382598,2.0601930238259794
2005-02-24 11:00:00,6.5,,8.032538770820555,1.5325387708205547
2005-02-24 12:00:00,5.4,,7.2889478017502105,1.8889478017502102
2005-02-24 13:00:00,7.4,,8.383714133852267,0.983714133852267
2005-02-24 14:00:00,7.7,,8.310648300397958,0.6106483003979575
2005-02-24 15:00:00,10.7,,12.00228533313449,1.3022853331344901
2005-02-24 16:00:00,13.3,,14.968985111603166,1.668985111603165
2005-02-24 17:00:00,13.2,,17.54718079393925,4.347180793939252
2005-02-24 18:00:00,17.5,,21.796419967447797,4.296419967447797
2005-02-24 19:00:00,17.7,,22.23247472153207,4.532474721532072
2005-02-24 20:00:00,17.5,,20.01794868796861,2.517948687968609
2005-02-24 21:00:00,14.1,,17.303922537685647,3.2039225376856475
2005-02-24 22:00:00,8.4,,9.814092782155283,1.414092782155283
2005-02-24 23:00:00,7.9,,9.105848678181802,1.2058486781818019
2005-02-25 00:00:00,8.1,,8.985172478308817,0.8851724783088173
2005-02-25 01:00:00,7.1,,8.078276895316755,0.9782768953167551
2005-02-25 02:00:00,5.2,,5.896640751965109,0.6966407519651092
2005-02-25 03:00:00,3.4,,4.163077545665119,0.7630775456651189
2005-02-25 04:00:00,3.4,,3.958269608566993,0.5582696085669929
2005-02-25 05:00:00,2.1,,3.0613468438984723,0.9613468438984722
2005-02-25 06:00:00,4.1,,4.251076589095893,0.1510765890958936
2005-02-25 07:00:00,6.1,,6.906654931278805,0.8066549312788052
2005-02-25 08:00:00,18.7,,20.731545177715734,2.031545177715735
2005-02-25 09:00:00,27.9,,30.209239502098367,2.309239502098368
2005-02-25 10:00:00,17.8,,18.032824909889474,0.23282490988947302
2005-02-25 11:00:00,11.8,,12.566216440406293,0.7662164404062928
2005-02-25 12:00:00,6.6,,7.384538330906017,0.7845383309060177
2005-02-25 13:00:00,8.4,,8.575884239338805,0.1758842393388047
2005-02-25 14:00:00,7.6,,7.67445906544655,0.07445906544655045
2005-02-25 15:00:00,6.7,,7.007201920673855,0.30720192067385454
2005-02-25 16:00:00,7.9,,7.795073378431824,0.10492662156817634
2005-02-25 17:00:00,8.4,,8.732470684304149,0.3324706843041483
2005-02-25 18:00:00,12.1,,11.128638557208498,0.9713614427915012
2005-02-25 19:00:00,12.6,,11.89148968004932,0.7085103199506797
2005-02-25 20:00:00,13.6,,12.634892774805758,0.9651072251942416
2005-02-25 21:00:00,8.1,,7.7536045925433665,0.3463954074566331
2005-02-25 22:00:00,11.2,,11.123280543510411,0.07671945648958811
2005-02-25 23:00:00,10.1,,10.74795618199681,0.6479561819968112
2005-02-26 00:00:00,8.8,,9.507070575985907,0.707070575985906
2005-02-26 01:00:00,6.8,,6.351773274565882,0.4482267254341181
2005-02-26 02:00:00,6.4,,5.450137541743767,0.9498624582562334
2005-02-26 03:00:00,6.7,,6.248099799076297,0.45190020092370276
2005-02-26 04:00:00,5.2,,4.7034997009058115,0.4965002990941887
2005-02-26 05:00:00,3.6,,3.472820742227773,0.12717925777222705
2005-02-26 06:00:00,2.7,,2.3672127184513267,0.33278728154867343
2005-02-26 07:00:00,1.9,,1.8089013515583034,0.09109864844169646
2005-02-26 08:00:00,3.9,,3.1956354049567977,0.7043645950432023
2005-02-26 09:00:00,4.1,,3.514547177575052,0.5854528224249478
2005-02-26 10:00:00,3.7,,3.656377296436677,0.043622703563323206
2005-02-26 11:00:00,3.6,,4.120072245907791,0.5200722459077913
2005-02-26 12:00:00,4.1,,4.676710226291517,0.5767102262915174
2005-02-26 13:00:00,4.5,,4.969174140838822,0.46917414083882214
2005-02-26 14:00:00,4.5,,4.6789809397749815,0.17898093977498153
2005-02-26 15:00:00,2.9,,3.5384673636999104,0.6384673636999105
2005-02-26 16:00:00,3.1,,3.526615439453444,0.4266154394534438
2005-02-26 17:00:00,3.9,,4.061269072531218,0.1612690725312178
2005-02-26 18:00:00,4.2,,4.277726337864369,0.07772633786436867
2005-02-26 19:00:00,5.2,,5.185201424164221,0.014798575835778927
2005-02-26 20:00:00,10.2,,9.060256033867429,1.1397439661325706
2005-02-26 21:00:00,8.1,,7.85614595183087,0.2438540481691298
2005-02-26 22:00:00,8.5,,8.821301196313126,0.3213011963131258
2005-02-26 23:00:00,10.7,,11.016594294298688,0.3165942942986888
2005-02-27 00:00:00,11.5,,11.5765144984967,0.07651449849669945
2005-02-27 01:00:00,9.5,,8.772913417623245,0.7270865823767547
2005-02-27 02:00:00,5.3,,4.740543483420057,0.5594565165799432
2005-02-27 03:00:00,5.8,,4.716397803626925,1.083602196373075
2005-02-27 04:00:00,4.6,,3.9365509082376393,0.6634490917623603
2005-02-27 05:00:00,2.7,,2.5112316626798363,0.18876833732016385
2005-02-27 06:00:00,3.1,,2.6422610771874675,0.4577389228125326
2005-02-27 07:00:00,3.2,,3.8599060321399623,0.6599060321399621
2005-02-27 08:00:00,3.6,,4.004116919695391,0.40411691969539065
2005-02-27 09:00:00,3.7,,4.048615080627808,0.3486150806278081
2005-02-27 10:00:00,6.4,,6.992140734721945,0.5921407347219443
2005-02-27 11:00:00,5.2,,5.6241417648378915,0.42414176483789134
2005-02-27 12:00:00,3.9,,4.870192651760264,0.9701926517602639
2005-02-27 13:00:00,4.1,,4.494483547135662,0.39448354713566225
2005-02-27 14:00:00,2.5,,3.0031325622152116,0.5031325622152116
2005-02-27 15:00:00,2.2,,2.562827482361608,0.3628274823616078
2005-02-27 16:00:00,2.3,,2.5763231017110453,0.27632310171104546
2005-02-27 17:00:00,2.4,,2.7083879082166225,0.30838790821662254
2005-02-27 18:00:00,2.9,,3.251664745758982,0.3516647457589821
2005-02-27 19:00:00,4.9,,5.520445824358298,0.6204458243582973
2005-02-27 20:00:00,6.8,,6.268773383905033,0.5312266160949672
2005-02-27 21:00:00,3.1,,3.7124527491972446,0.6124527491972445
2005-02-27 22:00:00,2.1,,2.4869718170505126,0.38697181705051253
2005-02-27 23:00:00,3.9,,3.3992491400452214,0.5007508599547785
2005-02-28 00:00:00,3.8,,3.4559884052513743,0.3440115947486255
2005-02-28 01:00:00,1.8,,1.7859031380959194,0.01409686190408066
2005-02-28 02:00:00,1.0,,1.039741163182126,0.03974116318212606
2005-02-28 03:00:00,0.6,,0.42793894985396236,0.17206105014603762
2005-02-28 04:00:00,0.4,,0.34244263735969765,0.05755736264030237
2005-02-28 05:00:00,0.3,,0.30839202232091417,0.008392022320914183
2005-02-28 06:00:00,0.2,,0.36212913380468664,0.16212913380468663
2005-02-28 07:00:00,0.7,,0.8288058410267736,0.12880584102677362
2005-02-28 08:00:00,2.6,,2.9312408194352013,0.33124081943520123
2005-02-28 09:00:00,3.1,,3.4175518773085534,0.3175518773085533
2005-02-28 10:00:00,2.3,,2.953588612440352,0.6535886124403523
2005-02-28 11:00:00,2.0,,2.983646144751488,0.9836461447514879
2005-02-28 12:00:00,2.0,,2.6166501912326097,0.6166501912326097
2005-02-28 13:00:00,3.1,,3.829498274703326,0.7294982747033258
2005-02-28 14:00:00,2.9,,3.4747690732698016,0.5747690732698016
2005-02-28 15:00:00,2.1,,2.7524348952228004,0.6524348952228003
2005-02-28 16:00:00,2.5,,3.1054840482104464,0.6054840482104464
2005-02-28 17:00:00,2.8,,3.460418411350007,0.6604184113500073
2005-02-28 18:00:00,6.7,,6.289571231433324,0.41042876856667654
2005-02-28 19:00:00,8.1,,7.8085330158541915,0.2914669841458082
2005-02-28 20:00:00,7.4,,7.160964350627608,0.23903564937239263
2005-02-28 21:00:00,3.6,,3.998432176004152,0.3984321760041518
2005-02-28 22:00:00,1.9,,2.2266039911092532,0.3266039911092533
2005-02-28 23:00:00,1.4,,1.9119843721869119,0.511984372186912
2005-03-01 00:00:00,1.2,,1.3426723490102794,0.14267234901027948
2005-03-01 01:00:00,0.9,,1.1327950640710016,0.2327950640710016
2005-03-01 02:00:00,0.6,,0.7123518864807403,0.11235188648074035
2005-03-01 03:00:00,0.2,,0.3196481396361614,0.11964813963616139
2005-03-01 04:00:00,0.2,,0.3402169710471686,0.14021697104716857
2005-03-01 05:00:00,0.3,,0.36429940031841546,0.06429940031841547
2005-03-01 06:00:00,0.3,,0.5080068022211041,0.20800680222110407
2005-03-01 07:00:00,1.0,,1.1354820079103904,0.13548200791039045
2005-03-01 08:00:00,5.2,,4.931879525161926,0.26812047483807433
2005-03-01 09:00:00,6.1,,6.549191141096684,0.44919114109668445
2005-03-01 10:00:00,3.6,,4.778881014838848,1.1788810148388476
2005-03-01 11:00:00,2.3,,3.266274632613615,0.9662746326136151
2005-03-01 12:00:00,1.9,,2.8293794020677945,0.9293794020677946
2005-03-01 13:00:00,2.6,,3.433312984050506,0.8333129840505058
2005-03-01 14:00:00,3.1,,3.980771117235959,0.8807711172359589
2005-03-01 15:00:00,2.7,,3.799606978818237,1.0996069788182368
2005-03-01 16:00:00,3.0,,3.981390091926413,0.9813900919264129
2005-03-01 17:00:00,3.0,,4.318932964079226,1.3189329640792256
2005-03-01 18:00:00,5.0,,5.392558425421441,0.39255842542144137
2005-03-01 19:00:00,7.5,,8.252718659823959,0.7527186598239588
2005-03-01 20:00:00,9.5,,9.489775803493249,0.010224196506751326
2005-03-01 21:00:00,5.3,,6.328981800305379,1.0289818003053792
2005-03-01 22:00:00,2.4,,3.172978186196861,0.7729781861968612
2005-03-01 23:00:00,2.5,,3.086199338922616,0.5861993389226159
2005-03-02 00:00:00,2.2,,2.340716138735365,0.14071613873536482
2005-03-02 01:00:00,1.5,,1.8924310979353685,0.39243109793536846
2005-03-02 02:00:00,1.3,,1.2797494057904653,0.02025059420953479
2005-03-02 03:00:00,0.9,,1.0915779977375804,0.19157799773758033
2005-03-02 04:00:00,0.7,,1.5648747982768305,0.8648747982768306
2005-03-02 05:00:00,0.9,,1.619210335536176,0.719210335536176
2005-03-02 06:00:00,1.4,,2.626761963594562,1.2267619635945621
2005-03-02 07:00:00,3.5,,3.766379647939452,0.266379647939452
2005-03-02 08:00:00,11.0,,11.691199020700877,0.6911990207008767
2005-03-02 09:00:00,12.4,,12.57163712087935,0.17163712087934968
2005-03-02 10:00:00,8.3,,9.932849274210277,1.632849274210276
2005-03-02 11:00:00,8.9,,11.007100974243679,2.1071009742436786
2005-03-02 12:00:00,5.7,,7.004710867962604,1.304710867962604
2005-03-02 13:00:00,5.5,,6.234884004486438,0.734884004486438
2005-03-02 14:00:00,9.0,,9.285666857945822,0.2856668579458219
2005-03-02 15:00:00,6.3,,6.632425559943641,0.3324255599436414
2005-03-02 16:00:00,9.1,,10.004402041256165,0.9044020412561657
2005-03-02 17:00:00,8.4,,10.800926777594329,2.4009267775943286
2005-03-02 18:00:00,17.5,,16.62434143681789,0.8756585631821103
2005-03-02 19:00:00,23.3,,22.05409162719745,1.2459083728025497
2005-03-02 20:00:00,19.0,,19.76545642031133,0.765456420311331
2005-03-02 21:00:00,11.1,,12.521359778993487,1.4213597789934873
2005-03-02 22:00:00,6.2,,8.965305801217285,2.765305801217285
2005-03-02 23:00:00,5.0,,7.968620144472391,2.968620144472391
2005-03-03 00:00:00,5.3,,7.566514600784217,2.266514600784217
2005-03-03 01:00:00,4.2,,7.798030290039996,3.598030290039996
2005-03-03 02:00:00,3.5,,4.84179493091313,1.3417949309131298
2005-03-03 03:00:00,3.0,,4.919376689343448,1.9193766893434479
2005-03-03 04:00:00,4.1,,7.703565696385869,3.6035656963858695
2005-03-03 05:00:00,4.0,,7.04798409243388,3.0479840924338797
2005-03-03 06:00:00,5.1,,7.854206654334114,2.754206654334114
2005-03-03 07:00:00,6.7,,10.255729714713658,3.5557297147136575
2005-03-03 08:00:00,15.6,,19.210106488431894,3.610106488431894
2005-03-03 09:00:00,17.1,,22.654715271206694,5.5547152712066925
2005-03-03 10:00:00,8.8,,11.058650913022781,2.2586509130227803
2005-03-03 11:00:00,6.9,,10.018278905330126,3.1182789053301256
2005-03-03 12:00:00,5.4,,8.195346002661143,2.7953460026611427
2005-03-03 13:00:00,4.9,,7.542487243063071,2.642487243063071
2005-03-03 14:00:00,5.3,,7.398406836416378,2.0984068364163786
2005-03-03 15:00:00,5.4,,7.543490496969233,2.1434904969692328
2005-03-03 16:00:00,5.5,,8.000864039664048,2.500864039664048
2005-03-03 17:00:00,7.5,,10.456031096372962,2.9560310963729624
2005-03-03 18:00:00,16.7,,19.566394491977682,2.866394491977683
2005-03-03 19:00:00,18.2,,22.442418829030647,4.2424188290306475
2005-03-03 20:00:00,15.5,,18.897888591360005,3.3978885913600045
2005-03-03 21:00:00,10.9,,14.845183868452038,3.9451838684520375
2005-03-03 22:00:00,8.7,,11.717929563989648,3.0179295639896484
2005-03-03 23:00:00,7.3,,10.331233169957661,3.0312331699576616
2005-03-04 00:00:00,7.5,,10.873082943791397,3.373082943791397
2005-03-04 01:00:00,6.8,,9.251071030907326,2.4510710309073263
2005-03-04 02:00:00,4.7,,6.361596211605725,1.6615962116057252
2005-03-04 03:00:00,2.5,,4.022126403563431,1.5221264035634308
2005-03-04 04:00:00,1.3,,1.6623015527979028,0.36230155279790277
2005-03-04 05:00:00,2.2,,3.864385254066297,1.6643852540662967
2005-03-04 06:00:00,3.6,,5.186072153831394,1.586072153831394
2005-03-04 07:00:00,7.5,,9.96780163672165,2.4678016367216493
2005-03-04 08:00:00,16.8,,19.739120629756144,2.939120629756143
2005-03-04 09:00:00,28.0,,28.536233142515105,0.5362331425151048
2005-03-04 10:00:00,15.8,,17.19199099329271,1.3919909932927084
2005-03-04 11:00:00,15.5,,16.19576294091608,0.6957629409160795
2005-03-04 12:00:00,14.9,,16.296626192555973,1.3966261925559724
2005-03-04 13:00:00,16.4,,18.300294103516904,1.9002941035169059
2005-03-04 14:00:00,15.6,,18.172636877267617,2.572636877267618
2005-03-04 15:00:00,16.1,,16.9533728406816,0.8533728406815975
2005-03-04 16:00:00,16.6,,17.02286206575406,0.42286206575406027
2005-03-04 17:00:00,15.9,,17.28032649169545,1.3803264916954507
2005-03-04 18:00:00,13.3,,14.979906471220804,1.6799064712208036
2005-03-04 19:00:00,14.9,,15.486636194723886,0.5866361947238854
2005-03-04 20:00:00,18.5,,18.189039903008698,0.3109600969913018
2005-03-04 21:00:00,7.9,,8.907142288710773,1.0071422887107726
2005-03-04 22:00:00,5.0,,6.367186382265474,1.3671863822654737
2005-03-04 23:00:00,6.5,,7.118446368537393,0.6184463685373931
2005-03-05 00:00:00,6.0,,6.608984672288762,0.608984672288762
2005-03-05 01:00:00,6.8,,8.907796676173191,2.1077966761731917
2005-03-05 02:00:00,4.0,,4.645916957596837,0.6459169575968371
2005-03-05 03:00:00,4.4,,4.83756584801004,0.4375658480100393
2005-03-05 04:00:00,4.0,,4.626639301742973,0.6266393017429728
2005-03-05 05:00:00,3.5,,3.300289797319844,0.19971020268015582
2005-03-05 06:00:00,4.3,,4.6244476354785,0.3244476354785002
2005-03-05 07:00:00,2.0,,2.4140599668766334,0.4140599668766334
2005-03-05 08:00:00,6.1,,6.072665163894059,0.027334836105940674
2005-03-05 09:00:00,8.7,,9.7386284285871,1.038628428587101
2005-03-05 10:00:00,3.1,,3.8149011857580843,0.7149011857580843
2005-03-05 11:00:00,5.2,,5.4515592949957945,0.2515592949957943
2005-03-05 12:00:00,5.3,,5.86789530800671,0.56789530800671
2005-03-05 13:00:00,6.7,,7.066251861771833,0.36625186177183267
2005-03-05 14:00:00,8.3,,8.879719734800991,0.5797197348009906
2005-03-05 15:00:00,5.9,,6.1750701795115015,0.27507017951150114
2005-03-05 16:00:00,7.3,,7.741761272735166,0.4417612727351665
2005-03-05 17:00:00,8.4,,7.910607204164964,0.4893927958350366
2005-03-05 18:00:00,7.7,,8.761033569370172,1.0610335693701716
2005-03-05 19:00:00,9.1,,9.56726169970482,0.4672616997048209
2005-03-05 20:00:00,10.9,,11.517837290273764,0.6178372902737639
2005-03-05 21:00:00,10.2,,10.029374243088375,0.1706257569116243
2005-03-05 22:00:00,7.8,,8.743771893497897,0.9437718934978969
2005-03-05 23:00:00,7.0,,8.685686327647783,1.6856863276477831
2005-03-06 00:00:00,9.2,,10.143383418044415,0.9433834180444158
2005-03-06 01:00:00,4.6,,4.732958333366495,0.13295833336649565
2005-03-06 02:00:00,2.1,,2.197272758390142,0.09727275839014204
2005-03-06 03:00:00,1.5,,1.185608660129245,0.31439133987075496
2005-03-06 04:00:00,1.3,,0.8316716216495347,0.46832837835046537
2005-03-06 05:00:00,0.8,,0.6231722429060135,0.17682775709398657
2005-03-06 06:00:00,0.6,,0.28362993691965827,0.3163700630803417
2005-03-06 07:00:00,1.1,,0.720913529046425,0.37908647095357506
2005-03-06 08:00:00,1.0,,0.7890031352040099,0.2109968647959901
2005-03-06 09:00:00,1.5,,1.6608878316553144,0.1608878316553144
2005-03-06 10:00:00,1.4,,1.8534247781535043,0.45342477815350435
2005-03-06 11:00:00,2.0,,2.6051136799243606,0.6051136799243606
2005-03-06 12:00:00,2.3,,3.2254620616732947,0.9254620616732949
2005-03-06 13:00:00,2.6,,3.6877436275413302,1.0877436275413301
2005-03-06 14:00:00,6.7,,6.251331752481182,0.4486682475188184
2005-03-06 15:00:00,13.3,,13.646223632059032,0.34622363205903106
2005-03-06 16:00:00,4.0,,5.019875881199326,1.0198758811993258
2005-03-06 17:00:00,5.3,,6.017644530926892,0.7176445309268926
2005-03-06 18:00:00,8.6,,8.451364747247506,0.14863525275249323
2005-03-06 19:00:00,6.2,,7.179257502787399,0.9792575027873989
2005-03-06 20:00:00,5.3,,5.893604470903227,0.5936044709032275
2005-03-06 21:00:00,4.1,,4.486981735153025,0.38698173515302514
2005-03-06 22:00:00,3.5,,4.151580482604057,0.6515804826040572
2005-03-06 23:00:00,4.1,,4.880616540833941,0.7806165408339414
2005-03-07 00:00:00,3.2,,3.582206785118348,0.3822067851183477
2005-03-07 01:00:00,3.2,,3.2127333793356843,0.01273337933568408
2005-03-07 02:00:00,1.7,,1.876463608185365,0.176463608185365
2005-03-07 03:00:00,0.7,,0.6030540806037804,0.09694591939621955
2005-03-07 04:00:00,0.5,,0.16094966250523254,0.33905033749476743
2005-03-07 05:00:00,0.6,,0.21961225066028126,0.38038774933971875
2005-03-07 06:00:00,0.8,,0.5045893679207184,0.29541063207928164
2005-03-07 07:00:00,1.7,,2.02057104398188,0.32057104398187986
2005-03-07 08:00:00,5.2,,5.99872087265146,0.7987208726514599
2005-03-07 09:00:00,6.6,,7.424243590602835,0.8242435906028351
2005-03-07 10:00:00,5.5,,6.162986562905726,0.6629865629057257
2005-03-07 11:00:00,4.4,,5.60842806019402,1.20842806019402
2005-03-07 12:00:00,4.4,,5.947101749913928,1.547101749913928
2005-03-07 13:00:00,4.3,,5.726726238528537,1.4267262385285369
2005-03-07 14:00:00,4.5,,5.658200827407953,1.1582008274079527
2005-03-07 15:00:00,4.5,,5.971015035070572,1.4710150350705717
2005-03-07 16:00:00,4.8,,6.541305913999797,1.7413059139997973
2005-03-07 17:00:00,6.3,,8.698263509394208,2.3982635093942077
2005-03-07 18:00:00,9.6,,11.706772102014838,2.1067721020148387
2005-03-07 19:00:00,15.0,,15.950129817518622,0.9501298175186221
2005-03-07 20:00:00,15.4,,15.036425832242411,0.363574167757589
2005-03-07 21:00:00,8.9,,9.067757664254696,0.16775766425469563
2005-03-07 22:00:00,5.0,,7.038356916212693,2.0383569162126927
2005-03-07 23:00:00,6.5,,7.4605554431359185,0.9605554431359185
2005-03-08 00:00:00,4.4,,4.845347769878368,0.4453477698783672
2005-03-08 01:00:00,5.3,,5.537886294897647,0.23788629489764723
2005-03-08 02:00:00,3.1,,3.930142992112164,0.8301429921121639
2005-03-08 03:00:00,1.9,,2.9318736300623818,1.0318736300623819
2005-03-08 04:00:00,1.7,,2.59391158949442,0.8939115894944198
2005-03-08 05:00:00,1.9,,2.9172024578190006,1.0172024578190006
2005-03-08 06:00:00,2.8,,3.421370414446943,0.6213704144469432
2005-03-08 07:00:00,5.5,,6.111916058635203,0.6119160586352033
2005-03-08 08:00:00,18.3,,20.48553447365567,2.185534473655668
2005-03-08 09:00:00,26.3,,33.32902427025955,7.029024270259551
2005-03-08 10:00:00,16.3,,17.995050463257922,1.695050463257921
2005-03-08 11:00:00,12.3,,13.09575489790228,0.7957548979022793
2005-03-08 12:00:00,7.4,,10.579715633381827,3.179715633381827
2005-03-08 13:00:00,8.1,,9.555041636505532,1.4550416365055323
2005-03-08 14:00:00,10.8,,11.437446201321125,0.637446201321124
2005-03-08 15:00:00,9.7,,10.123237226599505,0.4232372265995057
2005-03-08 16:00:00,9.9,,10.891135705350878,0.991135705350878
2005-03-08 17:00:00,9.6,,11.232965815056122,1.6329658150561226
2005-03-08 18:00:00,16.5,,17.745332762098922,1.245332762098922
2005-03-08 19:00:00,23.4,,23.506361502851355,0.1063615028513567
2005-03-08 20:00:00,24.2,,25.367031006674832,1.1670310066748328
2005-03-08 21:00:00,13.3,,13.72501811425416,0.4250181142541596
2005-03-08 22:00:00,8.4,,10.090917638937492,1.690917638937492
2005-03-08 23:00:00,5.4,,7.6666331670292305,2.26663316702923
2005-03-09 00:00:00,5.2,,5.922715593143113,0.7227155931431124
2005-03-09 01:00:00,4.6,,4.799538324459553,0.199538324459553
2005-03-09 02:00:00,3.2,,3.954972115141802,0.7549721151418018
2005-03-09 03:00:00,2.2,,3.284222115335587,1.0842221153355869
2005-03-09 04:00:00,2.5,,2.8547887818950866,0.35478878189508656
2005-03-09 05:00:00,2.8,,3.5013072790905966,0.7013072790905968
2005-03-09 06:00:00,3.9,,4.259525251726164,0.35952525172616445
2005-03-09 07:00:00,7.2,,9.763190091793124,2.563190091793124
2005-03-09 08:00:00,20.9,,23.075476853764588,2.1754768537645894
2005-03-09 09:00:00,27.0,,32.943074420711916,5.943074420711916
2005-03-09 10:00:00,18.5,,20.24437677404196,1.7443767740419602
2005-03-09 11:00:00,14.0,,17.089934700780432,3.0899347007804323
2005-03-09 12:00:00,10.5,,12.566934286475913,2.066934286475913
2005-03-09 13:00:00,11.2,,14.103227945017979,2.9032279450179796
2005-03-09 14:00:00,10.3,,12.676613851290508,2.3766138512905073
2005-03-09 15:00:00,8.6,,12.09791315142793,3.4979131514279302
2005-03-09 16:00:00,7.6,,10.401206459988298,2.8012064599882986
2005-03-09 17:00:00,10.2,,13.360429039475548,3.1604290394755488
2005-03-09 18:00:00,17.8,,21.793464206731876,3.9934642067318755
2005-03-09 19:00:00,25.3,,29.81717008224993,4.51717008224993
2005-03-09 20:00:00,24.4,,29.35519782001201,4.95519782001201
2005-03-09 21:00:00,20.0,,21.45130031389413,1.45130031389413
2005-03-09 22:00:00,7.3,,9.157609941486356,1.8576099414863565
2005-03-09 23:00:00,6.6,,8.900579996478692,2.3005799964786924
2005-03-10 00:00:00,5.7,,8.959796880926094,3.2597968809260935
2005-03-10 01:00:00,4.5,,6.39346745696578,1.8934674569657801
2005-03-10 02:00:00,4.1,,5.398103551588754,1.2981035515887545
2005-03-10 03:00:00,4.4,,5.584783211330395,1.1847832113303944
2005-03-10 04:00:00,3.3,,4.698282175325309,1.398282175325309
2005-03-10 05:00:00,3.3,,4.426020789383716,1.1260207893837162
2005-03-10 06:00:00,3.5,,4.4538463332106595,0.9538463332106595
2005-03-10 07:00:00,6.4,,8.103952661042221,1.703952661042221
2005-03-10 08:00:00,20.1,,24.34722798523014,4.24722798523014
2005-03-10 09:00:00,21.2,,26.24876312661472,5.04876312661472
2005-03-10 10:00:00,13.7,,17.927846640985535,4.227846640985536
2005-03-10 11:00:00,11.7,,15.85593279515646,4.1559327951564615
2005-03-10 12:00:00,10.6,,13.45471735088528,2.854717350885281
2005-03-10 13:00:00,9.8,,13.37170029015275,3.5717002901527497
2005-03-10 14:00:00,9.1,,12.446922021324037,3.346922021324037
2005-03-10 15:00:00,9.2,,11.55191306885667,2.351913068856671
2005-03-10 16:00:00,5.9,,8.379113878303082,2.4791138783030817
2005-03-10 17:00:00,8.6,,11.515925489231748,2.915925489231748
2005-03-10 18:00:00,12.7,,16.63842609368316,3.9384260936831623
2005-03-10 19:00:00,19.8,,20.08938948484538,0.28938948484537974
2005-03-10 20:00:00,23.8,,22.18677726179468,1.6132227382053195
2005-03-10 21:00:00,14.6,,16.0089895206355,1.4089895206354992
2005-03-10 22:00:00,7.6,,9.67307183359023,2.0730718335902303
2005-03-10 23:00:00,4.9,,7.087738950493671,2.187738950493671
2005-03-11 00:00:00,5.2,,6.789872890908384,1.5898728909083841
2005-03-11 01:00:00,4.8,,6.576231046683847,1.7762310466838471
2005-03-11 02:00:00,3.2,,4.1653038092452075,0.9653038092452073
2005-03-11 03:00:00,2.4,,3.4995759642178803,1.0995759642178804
2005-03-11 04:00:00,3.2,,3.479766247286389,0.27976624728638866
2005-03-11 05:00:00,2.1,,2.9826472221367686,0.8826472221367685
2005-03-11 06:00:00,2.7,,3.2080736993868295,0.5080736993868293
2005-03-11 07:00:00,4.5,,5.502756324730229,1.0027563247302291
2005-03-11 08:00:00,13.8,,16.914082231684816,3.114082231684815
2005-03-11 09:00:00,22.7,,30.71542715843069,8.01542715843069
2005-03-11 10:00:00,19.3,,21.086027213646727,1.786027213646726
2005-03-11 12:00:00,9.3,,12.427516369636045,3.1275163696360444
2005-03-11 13:00:00,12.1,,13.303478720419639,1.203478720419639
2005-03-11 14:00:00,14.2,,16.29159025048665,2.09159025048665
2005-03-11 15:00:00,12.3,,13.090858705931774,0.7908587059317735
2005-03-11 16:00:00,10.2,,12.331589934225939,2.1315899342259392
2005-03-11 17:00:00,10.4,,12.419412475328986,2.019412475328986
2005-03-11 18:00:00,13.9,,13.0823304664233,0.8176695335766997
2005-03-11 19:00:00,23.1,,27.872991023587,4.772991023587
2005-03-11 20:00:00,22.8,,27.02032615014381,4.2203261501438085
2005-03-11 21:00:00,13.4,,13.514095245146668,0.11409524514666813
2005-03-11 22:00:00,6.8,,7.769379731597377,0.9693797315973773
2005-03-11 23:00:00,6.0,,7.667807375791594,1.667807375791594
2005-03-12 00:00:00,5.7,,8.522845978813612,2.8228459788136115
2005-03-12 01:00:00,3.9,,5.4920922494621935,1.5920922494621936
2005-03-12 02:00:00,4.9,,7.331799813865535,2.431799813865535
2005-03-12 03:00:00,4.5,,6.905330973978895,2.405330973978895
2005-03-12 04:00:00,2.3,,3.220481047899883,0.9204810478998833
2005-03-12 05:00:00,1.5,,2.3996839120008016,0.8996839120008016
2005-03-12 06:00:00,1.5,,2.1078597073986827,0.6078597073986827
2005-03-12 07:00:00,1.8,,3.028516904666192,1.228516904666192
2005-03-12 08:00:00,3.3,,4.439766640561828,1.1397666405618283
2005-03-12 09:00:00,5.8,,6.102541647661145,0.3025416476611449
2005-03-12 10:00:00,6.2,,6.422841486882224,0.22284148688222416
2005-03-12 11:00:00,6.7,,7.05278324405108,0.3527832440510794
2005-03-12 12:00:00,5.6,,6.7167997467790315,1.1167997467790318
2005-03-12 13:00:00,5.8,,7.907987684456471,2.1079876844564716
2005-03-12 14:00:00,7.0,,8.355109140053214,1.355109140053214
2005-03-12 15:00:00,3.8,,6.962727596851923,3.162727596851923
2005-03-12 16:00:00,5.5,,7.918005672829652,2.4180056728296524
2005-03-12 17:00:00,7.6,,8.634597715940862,1.034597715940862
2005-03-12 18:00:00,8.3,,10.60104344489265,2.301043444892649
2005-03-12 19:00:00,7.5,,8.291682943343812,0.7916829433438117
2005-03-12 20:00:00,14.1,,14.363315401418035,0.2633154014180352
2005-03-12 21:00:00,12.4,,12.653434752087593,0.2534347520875926
2005-03-12 22:00:00,5.8,,7.268533640764793,1.468533640764793
2005-03-12 23:00:00,3.9,,4.953636408470145,1.0536364084701453
2005-03-13 00:00:00,2.8,,3.737340696311561,0.9373406963115611
2005-03-13 01:00:00,3.1,,4.161313316988926,1.0613133169889255
2005-03-13 02:00:00,3.3,,4.042443468882758,0.7424434688827581
2005-03-13 03:00:00,2.0,,2.8454031180030537,0.8454031180030537
2005-03-13 04:00:00,2.5,,3.0756871038989537,0.5756871038989537
2005-03-13 05:00:00,2.0,,2.4801868119844257,0.4801868119844257
2005-03-13 06:00:00,0.9,,0.8504895899221779,0.04951041007782209
2005-03-13 07:00:00,1.6,,1.9918280396283488,0.39182803962834867
2005-03-13 08:00:00,2.1,,3.5318146548681355,1.4318146548681354
2005-03-13 09:00:00,3.0,,3.9534840628298893,0.9534840628298893
2005-03-13 10:00:00,5.0,,7.774650907767905,2.7746509077679047
2005-03-13 11:00:00,7.7,,10.476860303900548,2.7768603039005475
2005-03-13 12:00:00,10.1,,13.034180814594071,2.9341808145940718
2005-03-13 13:00:00,8.5,,11.099011554100082,2.599011554100082
2005-03-13 14:00:00,2.8,,4.961017424498332,2.161017424498332
2005-03-13 15:00:00,3.3,,5.424429141063323,2.124429141063323
2005-03-13 16:00:00,5.0,,6.662729189302564,1.6627291893025644
2005-03-13 17:00:00,5.6,,7.5594432228668875,1.9594432228668879
2005-03-13 18:00:00,7.1,,8.207755522453292,1.1077555224532922
2005-03-13 19:00:00,16.7,,18.540925776074737,1.8409257760747373
2005-03-13 20:00:00,12.5,,14.77850245735899,2.2785024573589894
2005-03-13 21:00:00,6.6,,8.716892819486063,2.116892819486063
2005-03-13 22:00:00,8.3,,9.775054948324872,1.4750549483248712
2005-03-13 23:00:00,7.1,,8.272609375531344,1.1726093755313443
2005-03-14 00:00:00,3.8,,4.6737304645762165,0.8737304645762167
2005-03-14 01:00:00,5.2,,5.491922306945735,0.29192230694573507
2005-03-14 02:00:00,5.3,,6.55121586985243,1.2512158698524303
2005-03-14 03:00:00,3.8,,5.094390781741136,1.2943907817411358
2005-03-14 04:00:00,2.8,,3.8957166310475,1.0957166310475004
2005-03-14 05:00:00,2.9,,3.9729523814774055,1.0729523814774056
2005-03-14 06:00:00,4.4,,5.5823101903032475,1.1823101903032471
2005-03-14 07:00:00,7.5,,9.397247499460407,1.8972474994604074
2005-03-14 08:00:00,15.7,,17.636342809193565,1.9363428091935653
2005-03-14 09:00:00,22.9,,22.761848473406513,0.13815152659348584
2005-03-14 10:00:00,10.8,,12.844288526788041,2.0442885267880406
2005-03-14 11:00:00,6.1,,8.245943810631108,2.145943810631108
2005-03-14 12:00:00,7.0,,8.689546707922569,1.6895467079225686
2005-03-14 13:00:00,7.1,,8.517398549885367,1.4173985498853678
2005-03-14 14:00:00,8.1,,9.270012674025061,1.1700126740250614
2005-03-14 15:00:00,7.7,,9.016653345856914,1.3166533458569143
2005-03-14 16:00:00,10.8,,11.679724820810984,0.8797248208109831
2005-03-14 17:00:00,14.4,,16.100355232234882,1.700355232234882
2005-03-14 18:00:00,25.4,,28.352908004419927,2.9529080044199283
2005-03-14 19:00:00,29.1,,28.03147876790665,1.068521232093353
2005-03-14 20:00:00,28.3,,26.70340063813514,1.596599361864861
2005-03-14 21:00:00,14.2,,16.040526181024163,1.8405261810241633
2005-03-14 22:00:00,8.4,,9.767297560180243,1.3672975601802424
2005-03-14 23:00:00,7.5,,8.627767246499957,1.1277672464999569
2005-03-15 00:00:00,5.2,,5.961978221197592,0.7619782211975918
2005-03-15 01:00:00,2.2,,2.9040804839427103,0.7040804839427102
2005-03-15 02:00:00,2.0,,2.6035213119864724,0.6035213119864724
2005-03-15 03:00:00,1.8,,2.7838370575852287,0.9838370575852287
2005-03-15 04:00:00,1.1,,2.024116376325824,0.924116376325824
2005-03-15 05:00:00,1.2,,2.014626642405793,0.8146266424057929
2005-03-15 06:00:00,2.4,,3.380884669047349,0.9808846690473492
2005-03-15 07:00:00,3.8,,6.124224624886895,2.324224624886895
2005-03-15 08:00:00,14.0,,16.86488466562209,2.864884665622089
2005-03-15 09:00:00,18.9,,24.03074208212025,5.13074208212025
2005-03-15 10:00:00,15.6,,20.080720632255147,4.480720632255148
2005-03-15 11:00:00,13.2,,15.321916362758026,2.121916362758027
2005-03-15 12:00:00,10.3,,12.276585425252556,1.976585425252555
2005-03-15 13:00:00,9.7,,12.179210908784944,2.4792109087849443
2005-03-15 14:00:00,10.0,,11.58574182621899,1.5857418262189906
2005-03-15 15:00:00,10.9,,11.534644576475946,0.6346445764759459
2005-03-15 16:00:00,12.3,,13.1105196398802,0.8105196398801997
2005-03-15 17:00:00,14.2,,14.999886078409666,0.7998860784096671
2005-03-15 18:00:00,21.6,,23.473960688754676,1.873960688754675
2005-03-15 19:00:00,30.9,,29.44722343291014,1.4527765670898596
2005-03-15 20:00:00,33.5,,34.311744029130416,0.8117440291304163
2005-03-15 21:00:00,19.9,,24.08568668799582,4.1856866879958226
2005-03-15 22:00:00,8.4,,10.15833702301542,1.7583370230154198
2005-03-15 23:00:00,6.1,,8.622386719322341,2.5223867193223413
2005-03-16 00:00:00,5.7,,7.12503724595832,1.42503724595832
2005-03-16 01:00:00,4.0,,5.304966331863601,1.304966331863601
2005-03-16 02:00:00,2.9,,4.289504054986134,1.389504054986134
2005-03-16 03:00:00,2.0,,3.3894853511156366,1.3894853511156366
2005-03-16 04:00:00,1.7,,2.894908968575529,1.1949089685755292
2005-03-16 05:00:00,1.6,,2.847989559385955,1.247989559385955
2005-03-16 06:00:00,3.3,,4.267127649815929,0.9671276498159296
2005-03-16 07:00:00,3.6,,4.966324726287085,1.3663247262870848
2005-03-16 08:00:00,10.2,,12.498836831060942,2.2988368310609424
2005-03-16 09:00:00,25.2,,27.5281633553316,2.3281633553316006
2005-03-16 10:00:00,16.0,,21.550061085047936,5.550061085047936
2005-03-16 11:00:00,13.3,,17.2848132098912,3.9848132098912004
2005-03-16 12:00:00,11.9,,15.059836330546592,3.1598363305465913
2005-03-16 13:00:00,10.9,,13.7104015086769,2.8104015086769003
2005-03-16 14:00:00,11.0,,13.308435403380185,2.3084354033801855
2005-03-16 15:00:00,17.3,,15.235478677684455,2.064521322315546
2005-03-16 16:00:00,12.4,,13.135465862308282,0.7354658623082813
2005-03-16 17:00:00,17.4,,16.385736676424894,1.0142633235751042
2005-03-16 18:00:00,17.5,,17.607451771624927,0.1074517716249268
2005-03-16 19:00:00,26.2,,28.703100132103007,2.5031001321030075
2005-03-16 20:00:00,23.1,,26.64487102171166,3.544871021711657
2005-03-16 21:00:00,23.5,,24.734726053286387,1.234726053286387
2005-03-16 22:00:00,13.3,,16.90713557898396,3.6071355789839608
2005-03-16 23:00:00,10.5,,13.541604438796027,3.0416044387960266
2005-03-17 00:00:00,6.3,,8.416140585766865,2.116140585766865
2005-03-17 01:00:00,4.4,,6.037384550163506,1.6373845501635058
2005-03-17 02:00:00,3.3,,4.478945909762375,1.1789459097623753
2005-03-17 03:00:00,2.0,,3.116073441467861,1.116073441467861
2005-03-17 04:00:00,1.9,,3.074711995775257,1.1747119957752572
2005-03-17 05:00:00,1.4,,2.262706763133138,0.8627067631331382
2005-03-17 06:00:00,2.3,,3.3459832265472187,1.0459832265472189
2005-03-17 07:00:00,5.9,,8.826901366995312,2.9269013669953114
2005-03-17 08:00:00,18.9,,24.79370138999282,5.89370138999282
2005-03-17 09:00:00,26.1,,27.388146543899378,1.2881465438993764
2005-03-17 10:00:00,16.2,,20.74524718355706,4.545247183557059
2005-03-17 11:00:00,10.8,,13.671397893421426,2.8713978934214257
2005-03-17 12:00:00,11.1,,13.409944282673802,2.3099442826738024
2005-03-17 13:00:00,10.2,,13.04447454033322,2.84447454033322
2005-03-17 14:00:00,11.9,,12.789738510564385,0.8897385105643849
2005-03-17 15:00:00,11.8,,13.221964119637809,1.421964119637808
2005-03-17 16:00:00,10.9,,12.574928725540051,1.6749287255400507
2005-03-17 17:00:00,8.6,,10.584875069419915,1.9848750694199158
2005-03-17 18:00:00,15.0,,15.48737892463219,0.4873789246321891
2005-03-17 19:00:00,21.3,,22.226445920186766,0.9264459201867652
2005-03-17 20:00:00,24.8,,28.78666603221532,3.986666032215318
2005-03-17 21:00:00,18.4,,19.779857245941763,1.3798572459417642
2005-03-17 22:00:00,9.1,,11.160323497165885,2.0603234971658857
2005-03-17 23:00:00,8.1,,10.026462559507284,1.926462559507284
2005-03-18 00:00:00,5.9,,8.124227474891752,2.2242274748917517
2005-03-18 01:00:00,5.1,,6.511936327824564,1.4119363278245647
2005-03-18 02:00:00,4.5,,6.4393144476429,1.9393144476429
2005-03-18 03:00:00,3.2,,4.250380729623636,1.0503807296236358
2005-03-18 04:00:00,2.8,,3.9781465982624082,1.1781465982624084
2005-03-18 05:00:00,2.0,,3.109795070968033,1.1097950709680329
2005-03-18 06:00:00,3.3,,4.1450942559906405,0.8450942559906407
2005-03-18 07:00:00,5.4,,8.077385770104279,2.6773857701042783
2005-03-18 08:00:00,14.5,,17.345386914883274,2.8453869148832744
2005-03-18 09:00:00,26.5,,28.310759533178704,1.8107595331787039
2005-03-18 10:00:00,17.6,,22.630826947569577,5.030826947569576
2005-03-18 11:00:00,14.9,,17.090027842469414,2.190027842469414
2005-03-18 12:00:00,10.3,,13.237579533044471,2.9375795330444703
2005-03-18 13:00:00,12.0,,13.786283430781117,1.7862834307811166
2005-03-18 14:00:00,10.4,,10.994303654309432,0.5943036543094316
2005-03-18 15:00:00,12.9,,12.640275811826161,0.25972418817383947
2005-03-18 16:00:00,15.1,,14.233769293095568,0.8662307069044317
2005-03-18 17:00:00,15.8,,16.893395135849374,1.0933951358493736
2005-03-18 18:00:00,20.1,,19.598753224816765,0.5012467751832368
2005-03-18 19:00:00,25.6,,28.799271546461835,3.1992715464618335
2005-03-18 20:00:00,24.0,,26.119963227972796,2.1199632279727965
2005-03-18 21:00:00,18.3,,20.924011773865452,2.624011773865451
2005-03-18 22:00:00,7.2,,9.276846569031374,2.0768465690313738
2005-03-18 23:00:00,6.8,,8.253828873136387,1.4538288731363869
2005-03-19 00:00:00,6.8,,7.738668655829307,0.9386686558293071
2005-03-19 01:00:00,6.4,,8.32897579798954,1.9289757979895388
2005-03-19 02:00:00,2.7,,3.702709518945019,1.0027095189450188
2005-03-19 03:00:00,2.9,,3.5728153455640586,0.6728153455640586
2005-03-19 04:00:00,2.2,,3.047023191294029,0.8470231912940287
2005-03-19 05:00:00,2.5,,3.129920911539568,0.6299209115395681
2005-03-19 06:00:00,1.9,,2.9565455270421537,1.0565455270421538
2005-03-19 07:00:00,3.6,,4.6052013252736765,1.0052013252736764
2005-03-19 08:00:00,10.1,,12.361391380965232,2.2613913809652324
2005-03-19 09:00:00,10.9,,13.891570368009141,2.991570368009141
2005-03-19 10:00:00,9.9,,12.186192949715576,2.2861929497155753
2005-03-19 11:00:00,9.7,,11.185651523155796,1.4856515231557967
2005-03-19 12:00:00,8.9,,10.079680156745038,1.1796801567450377
2005-03-19 13:00:00,8.5,,10.08095646630281,1.5809564663028102
2005-03-19 14:00:00,6.6,,8.29755638649228,1.6975563864922805
2005-03-19 15:00:00,5.4,,7.205715805347273,1.8057158053472726
2005-03-19 16:00:00,8.7,,9.990404402394386,1.2904044023943868
2005-03-19 17:00:00,5.8,,7.67270852340144,1.8727085234014398
2005-03-19 18:00:00,7.6,,9.474938316559388,1.8749383165593887
2005-03-19 19:00:00,12.4,,14.904524507498746,2.5045245074987452
2005-03-19 20:00:00,14.7,,15.68237168975633,0.9823716897563308
2005-03-19 21:00:00,10.5,,11.799665420663661,1.2996654206636613
2005-03-19 22:00:00,7.3,,8.882838127696123,1.5828381276961236
2005-03-19 23:00:00,8.5,,9.47815024600271,0.9781502460027092
2005-03-20 00:00:00,6.8,,7.762013092909736,0.9620130929097366
2005-03-20 01:00:00,5.9,,7.224236458371664,1.3242364583716633
2005-03-20 02:00:00,4.3,,4.9513748341418236,0.6513748341418237
2005-03-20 03:00:00,3.5,,3.7806455565005606,0.28064555650056056
2005-03-20 04:00:00,2.8,,3.269481325912018,0.4694813259120183
2005-03-20 05:00:00,2.4,,3.18299790089714,0.7829979008971399
2005-03-20 06:00:00,1.6,,2.253636345735027,0.6536363457350269
2005-03-20 07:00:00,2.7,,3.275429614155752,0.5754296141557518
2005-03-20 08:00:00,2.5,,3.124847930436072,0.6248479304360721
2005-03-20 09:00:00,3.9,,4.150174570921553,0.2501745709215535
2005-03-20 10:00:00,6.2,,7.388855365231966,1.1888553652319658
2005-03-20 11:00:00,8.8,,9.544243357810059,0.744243357810058
2005-03-20 12:00:00,4.3,,5.715789826497931,1.4157898264979316
2005-03-20 13:00:00,3.4,,5.960032095743911,2.5600320957439107
2005-03-20 14:00:00,2.2,,4.5168696911133175,2.3168696911133173
2005-03-20 15:00:00,3.6,,5.5352769130745125,1.9352769130745124
2005-03-20 16:00:00,4.1,,6.044367196933736,1.9443671969337366
2005-03-20 17:00:00,5.7,,6.934536132623103,1.234536132623103
2005-03-20 18:00:00,6.6,,7.897712912866154,1.297712912866154
2005-03-20 19:00:00,12.7,,12.410285437625474,0.28971456237452564
2005-03-20 20:00:00,14.8,,14.655201294369615,0.14479870563038588
2005-03-20 21:00:00,12.3,,12.322122612521643,0.022122612521641827
2005-03-20 22:00:00,6.3,,6.736354893369686,0.43635489336968636
2005-03-20 23:00:00,5.3,,6.1093599421444855,0.8093599421444857
2005-03-21 00:00:00,5.3,,6.236967761017809,0.9369677610178089
2005-03-21 01:00:00,4.7,,5.3408781881108025,0.6408781881108023
2005-03-21 02:00:00,3.3,,3.8110725824394427,0.5110725824394429
2005-03-21 03:00:00,2.7,,3.123516186954207,0.423516186954207
2005-03-21 04:00:00,2.0,,2.532565975818862,0.5325659758188621
2005-03-21 05:00:00,1.6,,2.2326223432997514,0.6326223432997513
2005-03-21 06:00:00,3.0,,3.425884935359481,0.4258849353594809
2005-03-21 07:00:00,6.1,,7.387703469318812,1.2877034693188127
2005-03-21 08:00:00,17.3,,18.379642380244963,1.0796423802449624
2005-03-21 09:00:00,31.0,,32.48872385596539,1.4887238559653895
2005-03-21 10:00:00,15.4,,16.002853971678828,0.6028539716788277
2005-03-21 11:00:00,10.9,,12.508511312344762,1.6085113123447616
2005-03-21 12:00:00,8.4,,9.94379278044756,1.5437927804475589
2005-03-21 13:00:00,7.1,,8.505237445954705,1.4052374459547057
2005-03-21 14:00:00,10.0,,10.740662487293765,0.7406624872937648
2005-03-21 15:00:00,8.2,,9.86827856845073,1.6682785684507309
2005-03-21 16:00:00,9.2,,10.022432178852275,0.8224321788522762
2005-03-21 17:00:00,12.4,,11.846620177455552,0.5533798225444482
2005-03-21 18:00:00,23.3,,23.694424916825874,0.3944249168258729
2005-03-21 19:00:00,29.7,,28.00555712262637,1.6944428773736284
2005-03-21 20:00:00,25.7,,25.130326003607486,0.5696739963925133
2005-03-21 21:00:00,14.3,,13.966217318012804,0.33378268198719674
2005-03-21 22:00:00,8.2,,9.714536003271173,1.5145360032711732
2005-03-21 23:00:00,4.9,,5.874253350013138,0.9742533500131376
2005-03-22 00:00:00,5.9,,6.16733583741281,0.2673358374128094
2005-03-22 01:00:00,5.7,,6.485441300149315,0.7854413001493148
2005-03-22 02:00:00,2.9,,3.6051669162932,0.7051669162932002
2005-03-22 03:00:00,1.8,,2.219104953942486,0.41910495394248604
2005-03-22 04:00:00,1.2,,2.0570340788992683,0.8570340788992683
2005-03-22 05:00:00,1.6,,2.2471208153553,0.6471208153552999
2005-03-22 06:00:00,2.5,,3.2217005765799356,0.7217005765799356
2005-03-22 07:00:00,3.8,,4.9374210523580455,1.1374210523580457
2005-03-22 08:00:00,13.5,,15.030944529814487,1.5309445298144873
2005-03-22 09:00:00,27.8,,25.754887101051064,2.045112898948936
2005-03-22 10:00:00,18.8,,22.682558856976502,3.8825588569765017
2005-03-22 11:00:00,15.7,,18.04404996149089,2.3440499614908923
2005-03-22 12:00:00,15.6,,16.874463235145065,1.274463235145065
2005-03-22 13:00:00,12.3,,13.364598558745616,1.0645985587456153
2005-03-22 14:00:00,12.4,,13.2812061699155,0.8812061699154992
2005-03-22 15:00:00,9.1,,11.124609950653772,2.0246099506537725
2005-03-22 16:00:00,8.6,,9.796175448521035,1.1961754485210356
2005-03-22 17:00:00,8.4,,9.428966696537332,1.0289666965373314
2005-03-22 18:00:00,20.9,,23.737339585797397,2.837339585797398
2005-03-22 19:00:00,21.9,,25.25733822639541,3.357338226395413
2005-03-22 20:00:00,20.4,,23.631793389141958,3.2317933891419592
2005-03-22 21:00:00,11.0,,11.972244240991266,0.9722442409912659
2005-03-22 22:00:00,6.8,,7.302067128564117,0.502067128564117
2005-03-22 23:00:00,6.3,,7.238200513031432,0.9382005130314326
2005-03-23 00:00:00,6.2,,6.853068340915769,0.6530683409157687
2005-03-23 01:00:00,3.5,,4.419637786210137,0.9196377862101368
2005-03-23 02:00:00,3.3,,4.356434730176195,1.0564347301761954
2005-03-23 03:00:00,2.5,,2.793128572832058,0.29312857283205807
2005-03-23 04:00:00,2.3,,3.181331088135859,0.8813310881358594
2005-03-23 05:00:00,1.8,,2.610660913947151,0.810660913947151
2005-03-23 06:00:00,3.6,,4.623639113913982,1.023639113913982
2005-03-23 07:00:00,6.1,,8.051445148667504,1.9514451486675046
2005-03-23 08:00:00,22.3,,23.91152021273923,1.6115202127392294
2005-03-23 09:00:00,27.0,,26.668809097325813,0.33119090267418727
2005-03-23 10:00:00,19.5,,23.56061689870853,4.060616898708531
2005-03-23 11:00:00,15.8,,18.756841196924203,2.956841196924202
2005-03-23 12:00:00,10.3,,12.78893794990566,2.48893794990566
2005-03-23 13:00:00,11.0,,12.861574380306003,1.8615743803060028
2005-03-23 14:00:00,11.9,,13.666709957501514,1.7667099575015133
2005-03-23 15:00:00,11.7,,14.067054680489193,2.3670546804891934
2005-03-23 16:00:00,12.0,,14.378526465071952,2.3785264650719515
2005-03-23 17:00:00,12.3,,15.8251786281952,3.5251786281951993
2005-03-23 18:00:00,23.2,,27.269091113844844,4.069091113844845
2005-03-23 19:00:00,32.6,,31.115368743443923,1.484631256556078
2005-03-23 20:00:00,32.0,,31.277053902851552,0.7229460971484478
2005-03-23 21:00:00,18.8,,21.089139141489714,2.289139141489713
2005-03-23 22:00:00,12.1,,13.932535094613904,1.8325350946139043
2005-03-23 23:00:00,13.0,,16.71882330472451,3.718823304724509
2005-03-24 00:00:00,9.9,,11.648964250050287,1.748964250050287
2005-03-24 01:00:00,8.1,,9.912443765105658,1.8124437651056589
2005-03-24 02:00:00,3.8,,5.9501584962269485,2.1501584962269487
2005-03-24 03:00:00,3.1,,4.798211476310308,1.6982114763103078
2005-03-24 04:00:00,2.0,,3.8189598928802595,1.8189598928802595
2005-03-24 05:00:00,2.2,,3.8688990663581246,1.6688990663581245
2005-03-24 06:00:00,2.3,,3.6480480640187967,1.3480480640187968
2005-03-24 07:00:00,4.9,,6.883855213812636,1.9838552138126353
2005-03-24 08:00:00,19.8,,23.90321813632097,4.103218136320969
2005-03-24 09:00:00,15.0,,20.350084630570908,5.350084630570908
2005-03-24 10:00:00,18.1,,23.359329223424535,5.259329223424533
2005-03-24 11:00:00,15.3,,19.736319321832738,4.4363193218327375
2005-03-24 12:00:00,17.8,,21.15294115936479,3.3529411593647893
2005-03-24 13:00:00,17.3,,21.422066137702842,4.122066137702841
2005-03-24 14:00:00,14.1,,18.244169358511385,4.144169358511386
2005-03-24 15:00:00,10.3,,11.663390339794933,1.3633903397949325
2005-03-24 16:00:00,11.0,,13.212278329678359,2.212278329678359
2005-03-24 17:00:00,10.3,,12.088830339876441,1.7888303398764407
2005-03-24 18:00:00,14.6,,15.486595158421647,0.8865951584216472
2005-03-24 19:00:00,30.8,,28.374981560852493,2.4250184391475074
2005-03-24 20:00:00,35.5,,35.357681482842885,0.14231851715711485
2005-03-24 21:00:00,24.2,,23.594268760942413,0.6057312390575866
2005-03-24 22:00:00,17.8,,20.981975557265123,3.1819755572651225
2005-03-24 23:00:00,11.9,,14.90174233811786,3.001742338117859
2005-03-25 00:00:00,9.3,,12.218842430016089,2.9188424300160882
2005-03-25 01:00:00,6.3,,9.113323024052006,2.813323024052006
2005-03-25 02:00:00,4.0,,5.2546150193416405,1.2546150193416405
2005-03-25 03:00:00,4.1,,5.770688068077753,1.6706880680777534
2005-03-25 04:00:00,4.1,,5.415907715972734,1.3159077159727346
2005-03-25 05:00:00,3.3,,4.503851957566868,1.2038519575668678
2005-03-25 06:00:00,2.5,,3.5292505366971922,1.0292505366971922
2005-03-25 07:00:00,5.4,,6.545936592881609,1.1459365928816085
2005-03-25 08:00:00,17.4,,19.98828983185082,2.5882898318508225
2005-03-25 09:00:00,22.9,,23.409195212281304,0.5091952122813055
2005-03-25 10:00:00,11.1,,13.002098403206052,1.9020984032060522
2005-03-25 11:00:00,9.5,,11.419865874818425,1.9198658748184254
2005-03-25 12:00:00,13.6,,14.738579504909588,1.138579504909588
2005-03-25 13:00:00,17.0,,18.875076897118607,1.875076897118607
2005-03-25 14:00:00,15.8,,16.965281631951576,1.1652816319515757
2005-03-25 15:00:00,14.3,,14.715168391615649,0.4151683916156479
2005-03-25 16:00:00,17.5,,17.146204401651836,0.35379559834816376
2005-03-25 17:00:00,17.8,,18.520517774597504,0.7205177745975035
2005-03-25 18:00:00,24.3,,24.008835719947186,0.2911642800528149
2005-03-25 19:00:00,27.2,,25.597235038226003,1.602764961773996
2005-03-25 20:00:00,23.7,,23.613103033280947,0.08689696671905267
2005-03-25 21:00:00,16.7,,17.11865956122723,0.4186595612272299
2005-03-25 22:00:00,14.0,,14.996326431935831,0.9963264319358309
2005-03-25 23:00:00,10.1,,11.458277748298983,1.358277748298983
2005-03-26 00:00:00,12.1,,12.842602181064835,0.7426021810648358
2005-03-26 01:00:00,10.5,,11.903519019053167,1.4035190190531672
2005-03-26 02:00:00,7.2,,8.115577793133143,0.915577793133143
2005-03-26 03:00:00,6.4,,8.234590898821791,1.8345908988217907
2005-03-26 04:00:00,6.0,,6.387926792045893,0.3879267920458931
2005-03-26 05:00:00,5.3,,6.1435582674273155,0.8435582674273157
2005-03-26 06:00:00,4.9,,6.390408130696711,1.4904081306967107
2005-03-26 07:00:00,5.7,,7.418219027765447,1.7182190277654472
2005-03-26 08:00:00,9.0,,11.218272839781882,2.218272839781882
2005-03-26 09:00:00,10.9,,13.512641849616656,2.612641849616656
2005-03-26 10:00:00,10.6,,13.48880269287262,2.88880269287262
2005-03-26 11:00:00,9.3,,12.164056364368308,2.8640563643683077
2005-03-26 12:00:00,8.3,,10.758753713291105,2.458753713291104
2005-03-26 13:00:00,6.6,,9.705461493491155,3.1054614934911555
2005-03-26 14:00:00,5.1,,7.454880232357936,2.354880232357936
2005-03-26 15:00:00,7.9,,9.751988921730264,1.851988921730264
2005-03-26 16:00:00,7.7,,9.947073002709974,2.247073002709974
2005-03-26 17:00:00,10.7,,10.683801055588681,0.016198944411318195
2005-03-26 18:00:00,10.5,,10.78598278660224,0.28598278660223997
2005-03-26 19:00:00,10.9,,11.126010618063733,0.22601061806373224
2005-03-26 20:00:00,8.4,,9.988453704974322,1.588453704974322
2005-03-26 21:00:00,10.0,,11.167199679156498,1.1671996791564982
2005-03-26 22:00:00,10.3,,11.567100253048858,1.2671002530488575
2005-03-26 23:00:00,7.2,,8.546447782092757,1.3464477820927572
2005-03-27 00:00:00,6.4,,8.001533781478658,1.6015337814786577
2005-03-27 01:00:00,4.3,,5.8655200499136795,1.5655200499136797
2005-03-27 02:00:00,3.3,,4.774974628566017,1.4749746285660175
2005-03-27 03:00:00,3.9,,5.3931382164700095,1.4931382164700095
2005-03-27 04:00:00,3.4,,4.756121798638044,1.356121798638044
2005-03-27 05:00:00,2.3,,3.6425352333257606,1.3425352333257607
2005-03-27 06:00:00,2.3,,3.3698156137364665,1.0698156137364667
2005-03-27 07:00:00,4.2,,6.3686195015367355,2.1686195015367353
2005-03-27 08:00:00,3.6,,5.554538324816161,1.9545383248161605
2005-03-27 09:00:00,4.4,,5.868824530096865,1.4688245300968648
2005-03-27 10:00:00,4.6,,6.585263133284974,1.985263133284974
2005-03-27 11:00:00,4.5,,6.641087646537346,2.141087646537346
2005-03-27 12:00:00,5.0,,6.901558551568792,1.901558551568792
2005-03-27 13:00:00,3.8,,5.045239998734994,1.245239998734994
2005-03-27 14:00:00,2.5,,4.337957086772598,1.8379570867725983
2005-03-27 15:00:00,2.7,,3.7200071062494398,1.0200071062494396
2005-03-27 16:00:00,3.5,,4.262776880111424,0.7627768801114243
2005-03-27 17:00:00,4.9,,5.761975222579992,0.8619752225799919
2005-03-27 18:00:00,4.4,,5.896415566871869,1.4964155668718684
2005-03-27 19:00:00,5.7,,6.9542352502546745,1.2542352502546743
2005-03-27 20:00:00,6.3,,7.972582561153035,1.6725825611530354
2005-03-27 21:00:00,6.0,,7.636003803814616,1.6360038038146163
2005-03-27 22:00:00,6.0,,7.188976046428414,1.1889760464284143
2005-03-27 23:00:00,5.6,,7.141183131675694,1.5411831316756945
2005-03-28 00:00:00,4.3,,5.222602232573901,0.922602232573901
2005-03-28 01:00:00,3.0,,4.041845796491447,1.0418457964914474
2005-03-28 02:00:00,2.8,,3.8253236625180644,1.0253236625180646
2005-03-28 03:00:00,2.7,,3.536453464322007,0.8364534643220067
2005-03-28 04:00:00,2.0,,2.764400036764761,0.7644000367647612
2005-03-28 05:00:00,1.9,,2.3792533192658176,0.4792533192658177
2005-03-28 06:00:00,1.9,,2.5547878419291923,0.6547878419291924
2005-03-28 07:00:00,3.1,,4.2453813114929035,1.1453813114929035
2005-03-28 08:00:00,3.4,,4.5804011492239995,1.1804011492239996
2005-03-28 09:00:00,4.9,,6.01890642241316,1.1189064224131595
2005-03-28 10:00:00,5.2,,6.263869697174688,1.0638696971746882
2005-03-28 11:00:00,5.5,,6.304792253047814,0.8047922530478138
2005-03-28 12:00:00,4.2,,5.718244087475964,1.5182440874759635
2005-03-28 13:00:00,3.3,,5.4949767673704475,2.1949767673704477
2005-03-28 14:00:00,4.8,,6.148593682965028,1.3485936829650278
2005-03-28 15:00:00,4.2,,6.541834974969066,2.341834974969066
2005-03-28 16:00:00,3.7,,6.441837997976865,2.741837997976865
2005-03-28 17:00:00,6.2,,7.402780421098563,1.2027804210985629
2005-03-28 18:00:00,9.7,,10.909786430536855,1.2097864305368553
2005-03-28 19:00:00,12.4,,12.633270251284257,0.2332702512842566
2005-03-28 20:00:00,9.4,,10.237563840235717,0.8375638402357168
2005-03-28 21:00:00,7.1,,7.2451292794370525,0.1451292794370529
2005-03-28 22:00:00,6.1,,7.254949981937433,1.154949981937433
2005-03-28 23:00:00,6.0,,6.98486791471379,0.9848679147137904
2005-03-29 00:00:00,5.0,,6.4233949497109775,1.4233949497109775
2005-03-29 01:00:00,2.9,,3.7620316501737885,0.8620316501737886
2005-03-29 02:00:00,2.2,,2.9882420206749383,0.7882420206749381
2005-03-29 03:00:00,1.0,,1.2537990889620005,0.25379908896200054
2005-03-29 04:00:00,1.3,,1.947154638744653,0.647154638744653
2005-03-29 05:00:00,1.9,,2.2560336670747576,0.3560336670747577
2005-03-29 06:00:00,4.7,,5.246866489112768,0.5468664891127677
2005-03-29 07:00:00,16.0,,15.451518250814214,0.5484817491857861
2005-03-29 08:00:00,26.3,,25.694432076606404,0.6055679233935969
2005-03-29 09:00:00,18.8,,20.905724411733065,2.105724411733064
2005-03-29 10:00:00,14.4,,15.816903533011988,1.416903533011988
2005-03-29 11:00:00,10.0,,11.581240574059045,1.581240574059045
2005-03-29 12:00:00,12.1,,11.055045939016223,1.0449540609837769
2005-03-29 13:00:00,11.7,,11.340329827742798,0.35967017225720177
2005-03-29 14:00:00,12.0,,12.284774749087354,0.28477474908735445
2005-03-29 15:00:00,12.3,,13.23516733656997,0.93516733656997
2005-03-29 16:00:00,12.3,,13.051634298075664,0.751634298075663
2005-03-29 17:00:00,16.7,,18.805026423029126,2.105026423029127
2005-03-29 18:00:00,15.3,,16.63573153183468,1.3357315318346785
2005-03-29 19:00:00,13.4,,14.69477523576554,1.29477523576554
2005-03-29 20:00:00,13.5,,14.454422005833534,0.9544220058335338
2005-03-29 21:00:00,9.0,,9.927179759048546,0.9271797590485455
2005-03-29 22:00:00,4.8,,6.15258424334288,1.3525842433428803
2005-03-29 23:00:00,5.0,,6.101188065804349,1.1011880658043491
2005-03-30 00:00:00,4.9,,5.7221335960763655,0.8221335960763652
2005-03-30 01:00:00,3.4,,3.8705963911899306,0.4705963911899307
2005-03-30 02:00:00,2.4,,3.3276492175015813,0.9276492175015814
2005-03-30 03:00:00,1.1,,1.7402173998111312,0.6402173998111311
2005-03-30 04:00:00,1.4,,1.9770872394812935,0.5770872394812936
2005-03-30 05:00:00,2.1,,2.751972122820036,0.6519721228200357
2005-03-30 06:00:00,3.8,,4.146340423500533,0.34634042350053296
2005-03-30 07:00:00,12.6,,12.533249217666201,0.0667507823337985
2005-03-30 08:00:00,14.7,,14.84161616975967,0.14161616975967029
2005-03-30 09:00:00,15.5,,16.0918360876201,0.5918360876200985
2005-03-30 10:00:00,12.1,,12.8994843710879,0.7994843710878996
2005-03-30 11:00:00,7.9,,8.80757818237644,0.9075781823764402
2005-03-30 12:00:00,9.6,,10.584904146955358,0.9849041469553583
2005-03-30 13:00:00,8.3,,9.800654407328004,1.5006544073280033
2005-03-30 14:00:00,9.2,,10.303186752602821,1.1031867526028218
2005-03-30 15:00:00,8.4,,9.223123729974487,0.8231237299744869
2005-03-30 16:00:00,9.2,,10.221021408879736,1.0210214088797365
2005-03-30 17:00:00,16.1,,15.774662539427666,0.32533746057233515
2005-03-30 18:00:00,17.1,,17.105434251895947,0.0054342518959451525
2005-03-30 19:00:00,19.9,,20.2320141132007,0.33201411320070306
2005-03-30 20:00:00,14.9,,16.438150894194006,1.5381508941940059
2005-03-30 21:00:00,8.8,,10.578573042373,1.778573042372999
2005-03-30 22:00:00,5.8,,7.596891518339875,1.7968915183398755
2005-03-30 23:00:00,6.6,,7.764843021730276,1.1648430217302765
2005-03-31 00:00:00,4.8,,5.970039117081181,1.1700391170811812
2005-03-31 01:00:00,4.1,,5.662632886144001,1.5626328861440015
2005-03-31 02:00:00,2.5,,3.6087796486055663,1.1087796486055663
2005-03-31 03:00:00,1.7,,2.649252807476174,0.9492528074761741
2005-03-31 04:00:00,1.6,,2.3394471488760002,0.7394471488760002
2005-03-31 05:00:00,2.6,,3.3527980869902674,0.7527980869902673
2005-03-31 06:00:00,6.1,,6.367694745043236,0.26769474504323654
2005-03-31 07:00:00,23.6,,23.905941645975737,0.3059416459757358
2005-03-31 08:00:00,10.9,,12.881396289037493,1.9813962890374928
2005-03-31 09:00:00,6.8,,9.16828432525168,2.36828432525168
2005-03-31 10:00:00,4.9,,6.250477050045549,1.3504770500455487
2005-03-31 11:00:00,4.2,,5.565008994976015,1.365008994976015
2005-03-31 12:00:00,4.3,,5.870072297135777,1.570072297135777
2005-03-31 13:00:00,4.0,,5.997932966213801,1.997932966213801
2005-03-31 14:00:00,3.1,,4.762373703975334,1.6623737039753341
2005-03-31 15:00:00,3.7,,5.407955868929322,1.7079558689293215
2005-03-31 16:00:00,3.8,,5.440217924351297,1.6402179243512975
2005-03-31 17:00:00,6.5,,7.550645159568415,1.0506451595684148
2005-03-31 18:00:00,7.2,,8.350338660806704,1.150338660806704
2005-03-31 19:00:00,8.3,,8.787988806475342,0.48798880647534126
2005-03-31 20:00:00,4.4,,5.679498629334667,1.2794986293346664
2005-03-31 21:00:00,2.3,,3.6977036707665802,1.3977036707665804
2005-03-31 22:00:00,1.8,,2.972527294949705,1.172527294949705
2005-03-31 23:00:00,2.1,,3.2116514632628768,1.1116514632628767
2005-04-01 00:00:00,1.5,,2.905697261487012,1.405697261487012
2005-04-01 01:00:00,1.0,,1.7430120603708965,0.7430120603708965
2005-04-01 02:00:00,1.1,,1.6751947605141542,0.5751947605141541
2005-04-01 03:00:00,0.9,,0.9348421721725232,0.03484217217252317
2005-04-01 04:00:00,0.8,,0.8053876966213415,0.00538769662134142
2005-04-01 05:00:00,1.4,,1.2808093165734995,0.11919068342650041
2005-04-01 06:00:00,2.0,,2.747564926757308,0.7475649267573079
2005-04-01 07:00:00,6.7,,8.448522122216403,1.7485221222164027
2005-04-01 08:00:00,6.3,,8.7143634838868,2.4143634838867998
2005-04-01 09:00:00,4.3,,5.830878845261773,1.530878845261773
2005-04-01 10:00:00,3.5,,5.157845385294161,1.657845385294161
2005-04-01 11:00:00,3.6,,5.457227425674839,1.857227425674839
2005-04-01 12:00:00,4.0,,5.76374937331885,1.7637493733188503
2005-04-01 13:00:00,4.5,,6.148909165231872,1.6489091652318724
2005-04-01 14:00:00,3.3,,5.042354409569012,1.7423544095690122
2005-04-01 15:00:00,3.6,,5.459292010925755,1.859292010925755
2005-04-01 16:00:00,4.3,,5.7424100404084655,1.4424100404084657
2005-04-01 17:00:00,5.1,,6.437714655510109,1.3377146555101094
2005-04-01 18:00:00,5.5,,6.523286357057929,1.0232863570579287
2005-04-01 19:00:00,7.4,,8.084430119406916,0.6844301194069153
2005-04-01 20:00:00,3.7,,5.251215570596164,1.551215570596164
2005-04-01 21:00:00,1.9,,3.027909170322172,1.1279091703221722
2005-04-01 22:00:00,2.1,,2.798214689180678,0.698214689180678
2005-04-01 23:00:00,3.4,,4.326508397134648,0.9265083971346484
2005-04-02 00:00:00,5.8,,6.9717051592965555,1.1717051592965557
2005-04-02 01:00:00,1.9,,3.1178231362147093,1.2178231362147094
2005-04-02 02:00:00,1.5,,2.216742000054744,0.7167420000547442
2005-04-02 03:00:00,1.4,,1.3282079513044531,0.07179204869554678
2005-04-02 04:00:00,0.9,,1.0194392745123342,0.11943927451233416
2005-04-02 05:00:00,1.4,,1.2683254367499261,0.13167456325007376
2005-04-02 06:00:00,2.0,,2.7333116455949287,0.7333116455949287
2005-04-02 07:00:00,3.1,,4.064652362802254,0.9646523628022536
2005-04-02 08:00:00,2.5,,3.9222512624292043,1.4222512624292043
2005-04-02 09:00:00,2.7,,3.985442016715689,1.285442016715689
2005-04-02 10:00:00,2.7,,4.233982259947846,1.5339822599478454
2005-04-02 11:00:00,2.7,,4.027971817192001,1.327971817192001
2005-04-02 12:00:00,2.4,,3.9798262850989516,1.5798262850989517
2005-04-02 13:00:00,2.4,,4.373873586743931,1.9738735867439314
2005-04-02 14:00:00,2.3,,4.177007179325148,1.8770071793251484
2005-04-02 15:00:00,2.5,,4.262441999087247,1.7624419990872466
2005-04-02 16:00:00,2.9,,4.4318285051194035,1.5318285051194036
2005-04-02 17:00:00,3.5,,5.674489731821295,2.1744897318212946
2005-04-02 18:00:00,4.0,,5.992996571377256,1.9929965713772564
2005-04-02 19:00:00,3.5,,5.584955230488878,2.0849552304888777
2005-04-02 20:00:00,2.9,,5.10962001682857,2.2096200168285702
2005-04-02 21:00:00,1.8,,2.8926088341236253,1.0926088341236253
2005-04-02 22:00:00,1.8,,2.923687943766105,1.123687943766105
2005-04-02 23:00:00,2.1,,3.1013118859246185,1.0013118859246184
2005-04-03 00:00:00,2.5,,4.3915386727933905,1.8915386727933905
2005-04-03 01:00:00,2.8,,4.950941028796991,2.150941028796991
2005-04-03 02:00:00,2.7,,4.303129996928955,1.6031299969289545
2005-04-03 03:00:00,2.8,,4.20914035568734,1.4091403556873399
2005-04-03 04:00:00,2.0,,2.9477337027039257,0.9477337027039257
2005-04-03 05:00:00,1.0,,1.350041904139087,0.350041904139087
2005-04-03 06:00:00,1.3,,2.2541042603672716,0.9541042603672716
2005-04-03 07:00:00,1.7,,2.835483161055495,1.1354831610554952
2005-04-03 08:00:00,2.4,,4.692897452716876,2.292897452716876
2005-04-03 09:00:00,4.1,,6.293012344603247,2.1930123446032477
2005-04-03 10:00:00,3.4,,5.064088995943045,1.6640889959430454
2005-04-03 11:00:00,5.3,,6.7052739593442,1.4052739593441999
2005-04-03 12:00:00,5.3,,7.164795649655506,1.8647956496555063
2005-04-03 13:00:00,3.8,,5.076165955576368,1.276165955576368
2005-04-03 14:00:00,4.2,,5.488881417601979,1.2888814176019787
2005-04-03 15:00:00,5.4,,6.216520199091259,0.8165201990912587
2005-04-03 16:00:00,6.3,,6.27681712711912,0.023182872880879835
2005-04-03 17:00:00,6.1,,6.532439622957254,0.43243962295725424
2005-04-03 18:00:00,4.6,,6.184973529529127,1.584973529529127
2005-04-03 19:00:00,11.1,,12.577958309287109,1.477958309287109
2005-04-03 20:00:00,7.9,,10.57964825339909,2.6796482533990904
2005-04-03 21:00:00,6.0,,8.40342914360235,2.4034291436023505
2005-04-03 22:00:00,5.8,,7.934982635763159,2.1349826357631594
2005-04-03 23:00:00,5.1,,6.9370689912043675,1.8370689912043678
2005-04-04 00:00:00,3.5,,4.722348303698025,1.2223483036980252
2005-04-04 01:00:00,1.9,,3.2666057650688347,1.3666057650688348
2005-04-04 02:00:00,1.5,,2.746793197828034,1.2467931978280342
2005-04-04 03:00:00,1.1,,2.0538038211809706,0.9538038211809705
2005-04-04 04:00:00,0.8,,1.2272090669083686,0.4272090669083686
2005-04-04 05:00:00,1.3,,2.0168470839890458,0.7168470839890457
2005-04-04 06:00:00,4.4,,5.2563967582160425,0.8563967582160421
2005-04-04 07:00:00,17.4,,18.90347532715185,1.5034753271518504
2005-04-04 08:00:00,22.4,,28.305414758795663,5.905414758795665
2005-04-04 09:00:00,13.6,,19.01445996979583,5.41445996979583
2005-04-04 10:00:00,13.5,,18.049493572040177,4.549493572040177
2005-04-04 11:00:00,11.4,,13.541764421628663,2.141764421628663
2005-04-04 12:00:00,12.4,,13.862698795357394,1.4626987953573938
2005-04-04 13:00:00,9.5,,9.911245109131563,0.4112451091315634
2005-04-04 14:00:00,11.9,,11.168414043752904,0.7315859562470965
