datetime,y_true,raw_sensor_value,y_pred_calibrated,absolute_error
2005-01-27 14:00:00,198.0,900.0,202.0451876130569,4.045187613056896
2005-01-27 15:00:00,198.0,921.0,197.52611881772665,0.4738811822733453
2005-01-27 16:00:00,223.0,924.0,203.94685970755802,19.05314029244198
2005-01-27 17:00:00,224.0,913.0,210.7595416772306,13.240458322769399
2005-01-27 18:00:00,266.0,819.0,278.31357433657735,12.313574336577346
2005-01-27 19:00:00,326.0,750.0,328.7079356496149,2.7079356496149103
2005-01-27 20:00:00,343.0,717.0,367.30738111199764,24.307381111997643
2005-01-27 21:00:00,243.0,863.0,264.96381976770726,21.963819767707264
2005-01-27 22:00:00,177.0,995.0,195.67512055467,18.675120554670002
2005-01-27 23:00:00,155.0,953.0,209.8694988211569,54.869498821156895
2005-01-28 00:00:00,143.0,999.0,188.02277035887892,45.022770358878915
2005-01-28 01:00:00,124.0,1075.0,149.9085900678303,25.90859006783029
2005-01-28 02:00:00,94.0,1120.0,137.65187844783225,43.651878447832246
2005-01-28 04:00:00,56.0,1158.0,121.10699469616691,65.10699469616691
2005-01-28 05:00:00,58.0,1282.0,93.02311850887969,35.02311850887969
2005-01-28 06:00:00,105.0,1159.0,129.22413010108392,24.224130101083915
2005-01-28 07:00:00,122.0,1138.0,134.72501833247037,12.72501833247037
2005-01-28 08:00:00,274.0,827.0,261.0500772129827,12.949922787017272
2005-01-28 09:00:00,342.0,742.0,308.7981232774439,33.20187672255611
2005-01-28 10:00:00,296.0,822.0,263.2722735045505,32.727726495449474
2005-01-28 11:00:00,279.0,838.0,259.31784710861746,19.682152891382543
2005-01-28 12:00:00,325.0,842.0,256.0977569583986,68.90224304160142
2005-01-28 13:00:00,222.0,871.0,214.288566147195,7.711433852804987
2005-01-28 14:00:00,279.0,793.0,255.94007775529548,23.059922244704524
2005-01-28 15:00:00,248.0,888.0,198.61821322529516,49.381786774704835
2005-01-28 16:00:00,193.0,949.0,176.08408873090224,16.915911269097762
2005-01-29 02:00:00,70.0,1306.0,84.46388993628346,14.463889936283465
2005-01-29 04:00:00,37.0,1460.0,62.20382995450478,25.203829954504783
2005-01-29 05:00:00,33.0,1494.0,57.521437748001006,24.521437748001006
2005-01-29 06:00:00,43.0,1473.0,62.15363360412158,19.15363360412158
2005-01-29 07:00:00,73.0,1324.0,86.06871155439165,13.068711554391655
2005-01-29 08:00:00,125.0,1163.0,115.89321624451645,9.106783755483548
2005-01-29 09:00:00,154.0,1022.0,149.21326659541302,4.7867334045869825
2005-01-29 10:00:00,140.0,1027.0,151.95315584854234,11.953155848542337
2005-01-29 11:00:00,150.0,1025.0,155.08443306139878,5.084433061398784
2005-01-29 12:00:00,139.0,1051.0,147.0585614969678,8.058561496967798
2005-01-29 13:00:00,135.0,1027.0,146.45073144006773,11.450731440067727
2005-01-29 14:00:00,152.0,987.0,162.18930517686073,10.189305176860728
2005-01-29 15:00:00,121.0,1071.0,134.32503480799,13.325034807989994
2005-01-29 16:00:00,122.0,1049.0,138.3891686364771,16.38916863647711
2005-01-29 17:00:00,167.0,998.0,162.82973019870246,4.170269801297536
2005-01-29 18:00:00,165.0,980.0,166.89029245834183,1.8902924583418326
2005-01-29 19:00:00,190.0,981.0,170.49154717141744,19.508452828582563
2005-01-29 20:00:00,176.0,960.0,179.65587098255668,3.655870982556678
2005-01-29 21:00:00,196.0,983.0,177.1552552866002,18.84474471339979
2005-01-29 22:00:00,103.0,1102.0,128.32099136084383,25.320991360843834
2005-01-29 23:00:00,91.0,1136.0,119.94795570866569,28.94795570866569
2005-01-30 00:00:00,119.0,1051.0,140.35380726447482,21.353807264474824
2005-01-30 01:00:00,147.0,1023.0,151.85931366911865,4.859313669118649
2005-01-30 02:00:00,101.0,1107.0,123.65948914699197,22.659489146991973
2005-01-30 04:00:00,102.0,1097.0,136.87666340642187,34.87666340642187
2005-01-30 05:00:00,55.0,1322.0,86.50877761009258,31.50877761009258
2005-01-30 06:00:00,51.0,1374.0,77.8806136658128,26.880613665812803
2005-01-30 07:00:00,53.0,1439.0,72.00631001685855,19.00631001685855
2005-01-30 08:00:00,74.0,1358.0,84.20864656861744,10.20864656861744
2005-01-30 09:00:00,113.0,1202.0,115.16253555930587,2.1625355593058657
2005-01-30 10:00:00,107.0,1148.0,126.61751325097401,19.617513250974014
2005-01-30 11:00:00,101.0,1126.0,129.57764925617425,28.577649256174254
2005-01-30 12:00:00,129.0,1097.0,137.7198822984809,8.719882298480911
2005-01-30 13:00:00,126.0,1128.0,126.5594164554297,0.5594164554296981
2005-01-30 14:00:00,132.0,1133.0,127.97239909851476,4.027600901485243
2005-01-30 15:00:00,101.0,1176.0,114.11440681992104,13.114406819921044
2005-01-30 16:00:00,128.0,1151.0,124.7775173747595,3.2224826252405023
2005-01-30 17:00:00,170.0,1062.0,156.35277904561008,13.647220954389923
2005-01-30 18:00:00,174.0,1120.0,140.85206623446902,33.14793376553098
2005-01-30 19:00:00,215.0,1077.0,158.15642205939906,56.84357794060094
2005-01-30 20:00:00,248.0,972.0,204.95444167861973,43.04555832138027
2005-01-30 21:00:00,247.0,965.0,214.36443949587448,32.63556050412552
2005-01-30 22:00:00,154.0,1095.0,156.82925441185324,2.829254411853242
2005-01-30 23:00:00,186.0,996.0,196.08404196436817,10.084041964368168
2005-01-31 00:00:00,231.0,901.0,233.15258892180825,2.1525889218082455
2005-01-31 01:00:00,174.0,987.0,178.60003288427845,4.600032884278448
2005-01-31 02:00:00,68.0,1282.0,95.2134665123171,27.213466512317098
2005-01-31 04:00:00,39.0,1486.0,65.29354770933531,26.293547709335314
2005-01-31 05:00:00,39.0,1474.0,66.10938277318013,27.10938277318013
2005-01-31 06:00:00,54.0,1363.0,85.15623501728851,31.15623501728851
2005-01-31 07:00:00,158.0,1164.0,131.4912425837017,26.508757416298295
2005-01-31 08:00:00,350.0,826.0,305.6102187563207,44.389781243679295
2005-01-31 10:00:00,584.0,602.0,616.2105047781288,32.21050477812878
2005-01-31 11:00:00,478.0,683.0,456.3590383416841,21.640961658315916
2005-01-31 12:00:00,563.0,683.0,469.1148360234307,93.88516397656929
2005-01-31 13:00:00,414.0,707.0,406.78856244121494,7.2114375587850645
2005-01-31 14:00:00,398.0,711.0,390.63379272604703,7.366207273952966
2005-01-31 15:00:00,451.0,643.0,463.17963646575777,12.179636465757767
2005-01-31 16:00:00,503.0,618.0,496.0090180406219,6.990981959378075
2005-01-31 17:00:00,640.0,552.0,628.5763522254767,11.42364777452326
2005-01-31 18:00:00,843.0,488.0,796.3474545021429,46.65254549785709
2005-01-31 19:00:00,954.0,455.0,860.5296233174179,93.47037668258213
2005-01-31 20:00:00,984.0,456.0,889.3034978854706,94.69650211452938
2005-01-31 21:00:00,586.0,587.0,663.0958953035463,77.09589530354629
2005-01-31 22:00:00,360.0,737.0,482.8183854308747,122.81838543087468
2005-01-31 23:00:00,231.0,798.0,406.76632479384165,175.76632479384165
2005-02-01 00:00:00,200.0,813.0,382.9008609582328,182.90086095823278
2005-02-01 01:00:00,153.0,871.0,335.4467657326617,182.44676573266167
2005-02-01 02:00:00,135.0,879.0,324.3526531785977,189.35265317859768
2005-02-01 04:00:00,196.0,814.0,356.2405703568438,160.24057035684382
2005-02-01 05:00:00,208.0,795.0,365.2019914224544,157.2019914224544
2005-02-01 06:00:00,241.0,814.0,348.7846630347337,107.78466303473368
2005-02-01 07:00:00,417.0,702.0,452.85909868897886,35.85909868897886
2005-02-01 08:00:00,896.0,492.0,762.760168590497,133.23983140950304
2005-02-01 09:00:00,966.0,449.0,882.8366774354868,83.16332256451324
2005-02-01 10:00:00,878.0,503.0,828.5463361510759,49.453663848924066
2005-02-01 11:00:00,985.0,466.0,878.6517631289073,106.3482368710927
2005-02-01 12:00:00,1017.0,479.0,867.5946745731657,149.40532542683434
2005-02-01 13:00:00,683.0,497.0,781.6427281894044,98.64272818940435
2005-02-01 14:00:00,660.0,487.0,740.1530283260289,80.1530283260289
2005-02-01 15:00:00,492.0,506.0,694.1483529441858,202.14835294418583
2005-02-01 16:00:00,497.0,540.0,610.4788060570108,113.47880605701084
2005-02-01 17:00:00,562.0,508.0,696.1824308227906,134.1824308227906
2005-02-01 18:00:00,539.0,573.0,560.5376767473158,21.5376767473158
2005-02-01 19:00:00,502.0,559.0,570.1001650652199,68.10016506521993
2005-02-01 20:00:00,452.0,595.0,538.7031898403505,86.70318984035055
2005-02-01 21:00:00,357.0,683.0,445.83204790399054,88.83204790399054
2005-02-01 22:00:00,289.0,777.0,371.36757273076853,82.36757273076853
2005-02-01 23:00:00,221.0,805.0,349.10913545124913,128.10913545124913
2005-02-02 00:00:00,204.0,820.0,333.1955153043545,129.1955153043545
2005-02-02 01:00:00,183.0,807.0,327.0916014850735,144.0916014850735
2005-02-02 02:00:00,222.0,722.0,392.1421283290483,170.14212832904832
2005-02-02 04:00:00,210.0,764.0,356.5332040026137,146.53320400261367
2005-02-02 05:00:00,185.0,846.0,321.0556399999652,136.0556399999652
2005-02-02 06:00:00,257.0,792.0,349.1021129170956,92.10211291709561
2005-02-02 07:00:00,297.0,795.0,336.69661471209895,39.69661471209895
2005-02-02 08:00:00,573.0,566.0,545.794092498109,27.205907501891033
2005-02-02 09:00:00,883.0,422.0,807.2957292785946,75.70427072140535
2005-02-02 10:00:00,824.0,501.0,719.9629994164347,104.03700058356526
2005-02-02 11:00:00,693.0,560.0,670.4114972354602,22.58850276453984
2005-02-02 12:00:00,714.0,577.0,623.2374805531442,90.76251944685578
2005-02-02 13:00:00,388.0,721.0,349.99281257239727,38.00718742760273
2005-02-02 14:00:00,337.0,728.0,340.7087065747211,3.7087065747210772
2005-02-02 15:00:00,326.0,762.0,314.8051865790935,11.194813420906485
2005-02-02 16:00:00,329.0,759.0,323.77285067165906,5.227149328340943
2005-02-02 17:00:00,465.0,645.0,457.72855979041606,7.271440209583943
2005-02-02 18:00:00,612.0,536.0,600.7572006447804,11.242799355219631
2005-02-02 19:00:00,759.0,461.0,731.0609363095327,27.939063690467265
2005-02-02 20:00:00,771.0,436.0,803.2245063939442,32.22450639394424
2005-02-02 21:00:00,655.0,571.0,651.6817059102236,3.318294089776373
2005-02-02 22:00:00,332.0,748.0,455.47116150710815,123.47116150710815
2005-02-02 23:00:00,287.0,719.0,460.2833669956538,173.2833669956538
2005-02-03 00:00:00,242.0,793.0,383.0295253363497,141.0295253363497
2005-02-03 01:00:00,242.0,782.0,383.06554159175107,141.06554159175107
2005-02-03 02:00:00,192.0,860.0,308.11599719257293,116.11599719257293
2005-02-03 04:00:00,134.0,954.0,254.0096699174004,120.0096699174004
2005-02-03 05:00:00,142.0,916.0,264.3586372573526,122.3586372573526
2005-02-03 06:00:00,194.0,923.0,266.8242514232683,72.82425142326832
2005-02-03 07:00:00,216.0,861.0,296.8342847267717,80.83428472677173
2005-02-03 08:00:00,728.0,534.0,632.2857577431723,95.71424225682767
2005-02-03 09:00:00,975.0,416.0,828.2763258243442,146.7236741756558
2005-02-03 10:00:00,947.0,495.0,756.6286475236759,190.3713524763241
2005-02-03 11:00:00,790.0,570.0,653.9433529329418,136.05664706705818
2005-02-03 12:00:00,551.0,643.0,554.4268018298751,3.426801829875103
2005-02-03 13:00:00,565.0,568.0,667.4075800034723,102.40758000347228
2005-02-03 14:00:00,532.0,574.0,601.2636612509788,69.26366125097877
2005-02-03 15:00:00,459.0,597.0,531.3249284146837,72.32492841468365
2005-02-03 16:00:00,407.0,612.0,495.2263523394462,88.22635233944618
2005-02-03 17:00:00,434.0,545.0,608.3683237802287,174.3683237802287
2005-02-03 18:00:00,980.0,383.0,908.2208456319136,71.77915436808644
2005-02-03 19:00:00,966.0,393.0,926.356533377395,39.64346662260505
2005-02-03 20:00:00,646.0,485.0,765.6320332214742,119.63203322147422
2005-02-03 21:00:00,471.0,571.0,615.9512277944139,144.95122779441385
2005-02-03 22:00:00,528.0,524.0,653.1155471526284,125.11554715262844
2005-02-03 23:00:00,378.0,645.0,500.891749642004,122.89174964200402
2005-02-04 00:00:00,235.0,734.0,386.03722900561405,151.03722900561405
2005-02-04 01:00:00,217.0,781.0,342.49796518493093,125.49796518493093
2005-02-04 02:00:00,141.0,887.0,269.8013355646938,128.80133556469377
2005-02-04 04:00:00,158.0,895.0,255.65757472269166,97.65757472269166
2005-02-04 05:00:00,87.0,974.0,220.2710864393173,133.2710864393173
2005-02-04 06:00:00,194.0,843.0,278.8455164415702,84.84551644157023
2005-02-04 07:00:00,401.0,714.0,378.402941594436,22.597058405563985
2005-02-04 08:00:00,887.0,492.0,643.5641498110344,243.43585018896556
2005-02-04 09:00:00,654.0,499.0,642.7222745577277,11.277725442272299
2005-02-04 10:00:00,566.0,534.0,623.5360472554055,57.53604725540549
2005-02-04 11:00:00,649.0,558.0,602.464245285001,46.53575471499903
2005-02-04 12:00:00,309.0,735.0,349.16594807229353,40.16594807229353
2005-02-04 13:00:00,229.0,781.0,279.55277889023523,50.55277889023523
2005-02-04 14:00:00,312.0,712.0,334.3629574176814,22.3629574176814
2005-02-04 15:00:00,276.0,792.0,271.5399737171137,4.460026282886304
2005-02-04 16:00:00,236.0,816.0,252.42056134228454,16.420561342284543
2005-02-04 17:00:00,312.0,719.0,350.46072636681254,38.46072636681254
2005-02-04 18:00:00,345.0,687.0,374.4707377747188,29.470737774718827
2005-02-04 19:00:00,386.0,639.0,420.77352657942936,34.77352657942936
2005-02-04 20:00:00,356.0,653.0,400.1346834807315,44.134683480731496
2005-02-04 21:00:00,467.0,680.0,405.33799016743626,61.66200983256374
2005-02-04 22:00:00,287.0,807.0,311.1514068866073,24.151406886607276
2005-02-04 23:00:00,239.0,843.0,287.7736146665952,48.77361466659522
2005-02-05 00:00:00,266.0,828.0,302.8075596345828,36.80755963458279
2005-02-05 01:00:00,261.0,816.0,313.28339926101273,52.28339926101273
2005-02-05 02:00:00,223.0,828.0,307.29423329979716,84.29423329979716
2005-02-05 04:00:00,272.0,703.0,386.833498363056,114.83349836305598
2005-02-05 05:00:00,226.0,815.0,301.4931154188216,75.49311541882162
2005-02-05 06:00:00,250.0,757.0,357.7078865934867,107.7078865934867
2005-02-05 07:00:00,402.0,705.0,397.0855698791826,4.914430120817428
2005-02-05 08:00:00,708.0,614.0,507.3519488457777,200.6480511542223
2005-02-05 09:00:00,759.0,646.0,464.7257938535481,294.2742061464519
2005-02-05 10:00:00,302.0,877.0,269.2177832579016,32.7822167420984
2005-02-05 11:00:00,210.0,932.0,217.20322074698373,7.203220746983732
2005-02-05 12:00:00,180.0,960.0,190.4535677651216,10.45356776512159
2005-02-05 13:00:00,165.0,922.0,195.1482559575927,30.14825595759271
2005-02-05 14:00:00,180.0,932.0,189.27590756012472,9.275907560124722
2005-02-05 15:00:00,147.0,991.0,166.15361460904018,19.153614609040176
2005-02-05 16:00:00,177.0,968.0,177.7137771918824,0.7137771918824001
2005-02-05 17:00:00,157.0,990.0,176.69904864401025,19.699048644010247
2005-02-05 18:00:00,195.0,933.0,207.48602209684816,12.48602209684816
2005-02-05 19:00:00,263.0,846.0,279.59056658286715,16.590566582867154
2005-02-05 20:00:00,239.0,854.0,273.27649756504525,34.27649756504525
2005-02-05 21:00:00,267.0,826.0,295.5771362707461,28.57713627074611
2005-02-05 22:00:00,214.0,934.0,233.63383769861298,19.63383769861298
2005-02-05 23:00:00,236.0,869.0,276.266230270791,40.26623027079103
2005-02-06 00:00:00,251.0,900.0,258.20612853524034,7.206128535240339
2005-02-06 01:00:00,255.0,902.0,263.51796296699433,8.517962966994332
2005-02-06 02:00:00,235.0,854.0,305.62391265094163,70.62391265094163
2005-02-06 04:00:00,129.0,987.0,224.0645139250711,95.06451392507111
2005-02-06 05:00:00,95.0,1070.0,190.2854910441934,95.2854910441934
2005-02-06 06:00:00,95.0,1146.0,168.57520779953296,73.57520779953296
2005-02-06 07:00:00,100.0,1132.0,165.1199955704672,65.11999557046721
2005-02-06 08:00:00,110.0,1169.0,159.59087543765645,49.59087543765645
2005-02-06 09:00:00,149.0,1091.0,179.47505466137386,30.47505466137386
2005-02-06 10:00:00,197.0,891.0,259.38037648421107,62.38037648421107
2005-02-06 11:00:00,351.0,780.0,345.2033492928921,5.796650707107915
2005-02-06 12:00:00,249.0,886.0,244.18293880690788,4.8170611930921154
2005-02-06 13:00:00,188.0,981.0,178.8678868713675,9.132113128632511
2005-02-06 14:00:00,127.0,1081.0,135.54533965491265,8.545339654912652
2005-02-06 15:00:00,96.0,1128.0,118.67002413716574,22.67002413716574
2005-02-06 16:00:00,138.0,1040.0,140.94500805973655,2.9450080597365513
2005-02-06 17:00:00,217.0,928.0,190.69404902758316,26.305950972416838
2005-02-06 18:00:00,186.0,1003.0,174.34274585152156,11.657254148478444
2005-02-06 19:00:00,227.0,891.0,240.2686182724555,13.268618272455512
2005-02-06 20:00:00,252.0,855.0,268.13294022959656,16.132940229596556
2005-02-06 21:00:00,193.0,937.0,226.70244410492907,33.70244410492907
2005-02-06 22:00:00,158.0,1033.0,178.18002632713302,20.18002632713302
2005-02-06 23:00:00,150.0,1052.0,179.5176649390084,29.517664939008398
2005-02-07 00:00:00,130.0,1049.0,165.36860322574074,35.36860322574074
2005-02-07 01:00:00,104.0,1072.0,152.94954002052805,48.94954002052805
2005-02-07 02:00:00,86.0,1119.0,137.69882062725856,51.698820627258556
2005-02-07 04:00:00,67.0,1187.0,131.25122173996084,64.25122173996084
2005-02-07 05:00:00,75.0,1147.0,158.227656032352,83.227656032352
2005-02-07 06:00:00,97.0,1090.0,179.80226115456975,82.80226115456975
2005-02-07 07:00:00,177.0,980.0,245.05979994989738,68.05979994989738
2005-02-07 08:00:00,433.0,675.0,461.7967756954022,28.796775695402175
2005-02-07 09:00:00,471.0,639.0,492.4110025666601,21.411002566660102
2005-02-07 10:00:00,346.0,720.0,410.6813614153707,64.6813614153707
2005-02-07 11:00:00,262.0,771.0,332.365400913134,70.36540091313401
2005-02-07 12:00:00,221.0,845.0,254.63272444973262,33.63272444973262
2005-02-07 13:00:00,265.0,807.0,264.22448588986015,0.7755141101398522
2005-02-07 14:00:00,219.0,842.0,221.51623703174903,2.5162370317490286
2005-02-07 15:00:00,235.0,862.0,227.81497624688734,7.1850237531126595
2005-02-07 16:00:00,227.0,843.0,234.58582990366966,7.585829903669662
2005-02-07 17:00:00,285.0,771.0,303.65944441766084,18.659444417660836
2005-02-07 18:00:00,291.0,740.0,331.714390023344,40.71439002334398
2005-02-07 19:00:00,295.0,707.0,370.6004922599836,75.60049225998358
2005-02-07 20:00:00,243.0,720.0,352.7082072641626,109.70820726416258
2005-02-07 21:00:00,209.0,843.0,273.5312593551015,64.5312593551015
2005-02-07 22:00:00,147.0,980.0,196.91563007193855,49.91563007193855
2005-02-07 23:00:00,117.0,1028.0,172.66781532874109,55.667815328741085
2005-02-08 00:00:00,105.0,1045.0,158.56816145577142,53.56816145577142
2005-02-08 01:00:00,84.0,1129.0,129.7282217727858,45.72822177278579
2005-02-08 02:00:00,51.0,1275.0,94.79926931792096,43.79926931792096
2005-02-08 04:00:00,54.0,1182.0,119.58302569285956,65.58302569285956
2005-02-08 05:00:00,74.0,1102.0,158.5059436586521,84.50594365865209
2005-02-08 06:00:00,114.0,1062.0,183.92341252069747,69.92341252069747
2005-02-08 07:00:00,228.0,944.0,252.86330264773983,24.86330264773983
2005-02-08 08:00:00,455.0,658.0,467.1177916107449,12.117791610744916
2005-02-08 09:00:00,493.0,543.0,576.0371904115889,83.03719041158888
2005-02-08 10:00:00,410.0,689.0,415.17105522734755,5.171055227347551
2005-02-08 11:00:00,277.0,729.0,369.66832782791573,92.66832782791573
2005-02-08 12:00:00,340.0,727.0,362.8504562704231,22.85045627042308
2005-02-08 13:00:00,238.0,753.0,305.28633387417835,67.28633387417835
2005-02-08 14:00:00,323.0,726.0,343.42528918673287,20.42528918673287
2005-02-08 15:00:00,286.0,858.0,240.99776571362634,45.002234286373664
2005-02-08 16:00:00,271.0,912.0,208.18942895807473,62.81057104192527
2005-02-11 21:00:00,490.0,476.0,880.1768742568114,390.1768742568114
2005-02-11 22:00:00,550.0,526.0,799.8072299417095,249.80722994170947
2005-02-11 23:00:00,422.0,530.0,789.5239956663413,367.5239956663413
2005-02-12 00:00:00,541.0,504.0,800.6428933673706,259.64289336737056
2005-02-12 01:00:00,599.0,522.0,771.2634384420635,172.2634384420635
2005-02-12 02:00:00,490.0,578.0,647.9968744111727,157.9968744111727
2005-02-12 04:00:00,223.0,709.0,450.0002852313104,227.0002852313104
2005-02-12 05:00:00,214.0,670.0,467.6310741361843,253.63107413618428
2005-02-12 06:00:00,274.0,641.0,504.6590975170743,230.65909751707431
2005-02-12 07:00:00,338.0,620.0,539.5895544621357,201.58955446213565
2005-02-12 08:00:00,496.0,562.0,608.6981936159548,112.69819361595478
2005-02-12 09:00:00,433.0,550.0,613.7824644163852,180.7824644163852
2005-02-12 10:00:00,496.0,541.0,663.0215608790022,167.0215608790022
2005-02-12 11:00:00,615.0,498.0,769.0346504408335,154.0346504408335
2005-02-12 12:00:00,551.0,477.0,781.4528177579125,230.4528177579125
2005-02-12 13:00:00,575.0,470.0,799.949405369774,224.949405369774
2005-02-12 14:00:00,575.0,468.0,852.3965913341863,277.39659133418627
2005-02-12 15:00:00,574.0,488.0,822.2065559650905,248.2065559650905
2005-02-12 16:00:00,582.0,475.0,835.5720529293799,253.57205292937988
2005-02-12 17:00:00,658.0,472.0,850.2227056501983,192.22270565019835
2005-02-12 18:00:00,851.0,416.0,958.9636997453197,107.96369974531967
2005-02-12 19:00:00,903.0,404.0,1007.2627750998868,104.26277509988677
2005-02-12 20:00:00,952.0,389.0,1055.1593983052505,103.15939830525053
2005-02-12 21:00:00,894.0,410.0,1030.9539877376913,136.95398773769125
2005-02-12 22:00:00,839.0,417.0,1025.882432303457,186.8824323034571
2005-02-12 23:00:00,743.0,424.0,1050.7838504961753,307.7838504961753
2005-02-13 00:00:00,671.0,443.0,1017.5898050291223,346.5898050291223
2005-02-13 01:00:00,689.0,435.0,977.1539010831311,288.15390108313113
2005-02-13 02:00:00,478.0,497.0,754.509059448297,276.50905944829697
2005-02-13 04:00:00,345.0,508.0,637.9245194618107,292.92451946181075
2005-02-13 05:00:00,373.0,515.0,636.276103721011,263.27610372101105
2005-02-13 06:00:00,324.0,534.0,586.1992932137728,262.19929321377276
2005-02-13 07:00:00,341.0,542.0,559.4393594567209,218.43935945672092
2005-02-13 08:00:00,424.0,522.0,568.1697529002145,144.16975290021446
2005-02-13 09:00:00,522.0,491.0,626.7048345784885,104.70483457848854
2005-02-13 10:00:00,492.0,495.0,681.8095498532002,189.80954985320022
2005-02-13 11:00:00,492.0,533.0,617.4160377335788,125.41603773357883
2005-02-13 12:00:00,204.0,675.0,355.21037408685766,151.21037408685766
2005-02-13 13:00:00,142.0,698.0,303.87365402018855,161.87365402018855
2005-02-13 14:00:00,118.0,666.0,264.0757617253852,146.07576172538518
2005-02-13 15:00:00,126.0,616.0,262.5217553755568,136.52175537555678
2005-02-13 16:00:00,115.0,799.0,186.38511840550228,71.38511840550228
2005-02-13 17:00:00,137.0,789.0,200.36140087604997,63.36140087604997
2005-02-13 18:00:00,212.0,583.0,337.1912967261145,125.1912967261145
2005-02-13 19:00:00,354.0,658.0,346.03191262580077,7.968087374199229
2005-02-13 20:00:00,331.0,684.0,322.5936526590967,8.406347340903324
2005-02-13 21:00:00,141.0,881.0,194.52503255529103,53.525032555291034
2005-02-13 22:00:00,228.0,760.0,303.48058097258127,75.48058097258127
2005-02-13 23:00:00,228.0,728.0,320.09468486341774,92.09468486341774
2005-02-14 00:00:00,203.0,749.0,292.67970209262313,89.67970209262313
2005-02-14 01:00:00,215.0,708.0,317.65609005900683,102.65609005900683
2005-02-14 02:00:00,142.0,798.0,239.00950150212458,97.00950150212458
2005-02-14 04:00:00,66.0,994.0,151.275534169631,85.27553416963099
2005-02-14 05:00:00,54.0,1063.0,123.60378517527244,69.60378517527244
2005-02-14 06:00:00,121.0,895.0,206.6284761247728,85.62847612477279
2005-02-14 07:00:00,141.0,1054.0,163.19109600109323,22.19109600109323
2005-02-14 08:00:00,388.0,619.0,442.5919651385052,54.5919651385052
2005-02-14 09:00:00,366.0,627.0,408.22049397409063,42.22049397409063
2005-02-14 10:00:00,254.0,635.0,404.8033586809581,150.80335868095813
2005-02-14 11:00:00,164.0,477.0,702.5812234223022,538.5812234223022
2005-02-14 12:00:00,142.0,744.0,243.41714396382548,101.41714396382548
2005-02-14 13:00:00,162.0,748.0,233.05585816567753,71.05585816567753
2005-02-14 14:00:00,177.0,782.0,229.8758124534013,52.875812453401295
2005-02-14 15:00:00,157.0,823.0,217.80453239360645,60.80453239360645
2005-02-14 16:00:00,162.0,850.0,205.82295380750963,43.822953807509634
2005-02-14 17:00:00,209.0,823.0,231.09072040109646,22.090720401096462
2005-02-14 18:00:00,304.0,694.0,344.7978786459551,40.79787864595511
2005-02-14 19:00:00,484.0,609.0,455.88914438797343,28.11085561202657
2005-02-14 20:00:00,399.0,670.0,398.1719390274349,0.8280609725650834
2005-02-14 21:00:00,390.0,751.0,356.16285894638565,33.837141053614346
2005-02-14 22:00:00,287.0,834.0,292.65506981487533,5.655069814875333
2005-02-14 23:00:00,202.0,803.0,295.561350376212,93.56135037621198
2005-02-15 00:00:00,126.0,982.0,171.05302100322666,45.05302100322666
2005-02-15 01:00:00,87.0,1081.0,128.3246977510605,41.32469775106051
2005-02-15 02:00:00,59.0,1228.0,94.69170897725951,35.69170897725951
2005-02-15 04:00:00,31.0,1413.0,67.81205259063114,36.81205259063114
2005-02-15 05:00:00,28.0,1491.0,59.936838814082705,31.936838814082705
2005-02-15 06:00:00,64.0,1183.0,105.53465580743216,41.53465580743216
2005-02-15 07:00:00,123.0,1018.0,167.02069660533755,44.02069660533755
2005-02-15 08:00:00,363.0,784.0,308.81647895069545,54.183521049304545
2005-02-15 09:00:00,416.0,731.0,333.9920113708041,82.00798862919589
2005-02-15 10:00:00,286.0,832.0,247.90703343286881,38.092966567131185
2005-02-15 11:00:00,198.0,993.0,161.55634424846454,36.44365575153546
2005-02-15 12:00:00,216.0,942.0,182.23556127615512,33.764438723844876
2005-02-15 13:00:00,211.0,893.0,204.22765209379003,6.772347906209973
2005-02-15 14:00:00,199.0,918.0,191.74358980163134,7.2564101983686555
2005-02-15 15:00:00,161.0,1015.0,153.50521556863566,7.494784431364337
2005-02-15 16:00:00,218.0,909.0,197.18397174359723,20.816028256402774
2005-02-15 17:00:00,252.0,827.0,257.37904780412134,5.379047804121342
2005-02-15 18:00:00,337.0,671.0,380.3494162160938,43.3494162160938
2005-02-15 19:00:00,357.0,630.0,473.93867923427206,116.93867923427206
2005-02-15 20:00:00,410.0,623.0,483.0755789582125,73.07557895821247
2005-02-15 21:00:00,445.0,648.0,497.15086106716103,52.15086106716103
2005-02-15 22:00:00,314.0,741.0,411.2996698521625,97.29966985216248
2005-02-15 23:00:00,366.0,699.0,471.8251740243283,105.8251740243283
2005-02-16 00:00:00,336.0,707.0,455.87700218171284,119.87700218171284
2005-02-16 01:00:00,387.0,652.0,497.76449747887784,110.76449747887784
2005-02-16 02:00:00,320.0,689.0,459.68068760729966,139.68068760729966
2005-02-16 04:00:00,237.0,768.0,383.055309504813,146.055309504813
2005-02-16 05:00:00,224.0,782.0,380.1869089981029,156.18690899810292
2005-02-16 06:00:00,237.0,732.0,429.8195388416502,192.81953884165023
2005-02-16 07:00:00,454.0,622.0,546.1542625717098,92.15426257170975
2005-02-16 08:00:00,854.0,520.0,660.0325541967002,193.96744580329982
2005-02-16 09:00:00,758.0,577.0,535.7503526750277,222.24964732497233
2005-02-16 10:00:00,428.0,706.0,372.1050885246417,55.8949114753583
2005-02-16 11:00:00,205.0,849.0,265.2045885664405,60.20458856644052
2005-02-16 12:00:00,205.0,890.0,230.91912165482088,25.919121654820884
2005-02-16 13:00:00,226.0,790.0,272.08533112801615,46.08533112801615
2005-02-16 14:00:00,199.0,801.0,263.7719632819739,64.77196328197391
2005-02-16 15:00:00,253.0,793.0,278.5223022509957,25.522302250995722
2005-02-16 16:00:00,259.0,783.0,283.4893494281926,24.48934942819261
2005-02-16 17:00:00,252.0,720.0,333.0791840810166,81.07918408101659
2005-02-16 18:00:00,313.0,641.0,402.23441120212584,89.23441120212584
2005-02-16 19:00:00,433.0,539.0,545.6634867551438,112.66348675514382
2005-02-16 20:00:00,611.0,457.0,706.1878860467202,95.18788604672022
2005-02-16 21:00:00,626.0,534.0,621.3827889896608,4.617211010339247
2005-02-16 22:00:00,408.0,640.0,472.2510743122179,64.2510743122179
2005-02-16 23:00:00,357.0,712.0,397.8469665097724,40.846966509772415
2005-02-17 00:00:00,375.0,643.0,472.2461732398864,97.24617323988639
2005-02-17 01:00:00,326.0,721.0,402.1334380292874,76.13343802928739
2005-02-17 02:00:00,326.0,715.0,390.9663969796866,64.96639697968658
2005-02-17 04:00:00,72.0,1016.0,178.24029090142335,106.24029090142335
2005-02-17 05:00:00,49.0,1140.0,127.15673625848433,78.15673625848433
2005-02-17 06:00:00,59.0,1111.0,137.26503947907355,78.26503947907355
2005-02-17 07:00:00,220.0,893.0,258.00300944697483,38.00300944697483
2005-02-17 08:00:00,602.0,636.0,472.70361462863883,129.29638537136117
2005-02-17 09:00:00,485.0,624.0,453.3997325060339,31.6002674939661
2005-02-17 10:00:00,295.0,794.0,294.3485739305526,0.6514260694473819
2005-02-17 11:00:00,217.0,873.0,235.58944524704623,18.58944524704623
2005-02-17 12:00:00,236.0,830.0,257.35623868329134,21.356238683291338
2005-02-17 13:00:00,196.0,790.0,259.0116922670814,63.0116922670814
2005-02-17 14:00:00,233.0,723.0,298.0168935019856,65.01689350198558
2005-02-17 15:00:00,207.0,807.0,245.00399931741788,38.00399931741788
2005-02-17 16:00:00,198.0,806.0,236.84389231964497,38.843892319644965
2005-02-17 17:00:00,212.0,807.0,239.21383338484702,27.21383338484702
2005-02-17 18:00:00,280.0,657.0,363.353330160778,83.353330160778
2005-02-17 19:00:00,315.0,623.0,407.5049762221386,92.50497622213862
2005-02-17 20:00:00,378.0,590.0,446.6634748951834,68.66347489518341
2005-02-17 21:00:00,320.0,708.0,345.4735923923397,25.473592392339697
2005-02-17 22:00:00,265.0,759.0,317.9265057587967,52.92650575879668
2005-02-17 23:00:00,129.0,960.0,180.55832170061086,51.55832170061086
2005-02-18 00:00:00,129.0,943.0,182.98660166763142,53.98660166763142
2005-02-18 01:00:00,172.0,935.0,189.90322554798993,17.903225547989933
2005-02-18 02:00:00,100.0,1025.0,141.1010199903971,41.101019990397106
2005-02-18 04:00:00,49.0,1179.0,104.95375451472586,55.95375451472586
2005-02-18 05:00:00,36.0,1249.0,92.67316531078,56.67316531078001
2005-02-18 06:00:00,79.0,1079.0,126.68240330722881,47.68240330722881
2005-02-18 07:00:00,128.0,1021.0,161.02363559406854,33.02363559406854
2005-02-18 08:00:00,456.0,673.0,394.9694703880977,61.030529611902296
2005-02-18 09:00:00,477.0,625.0,423.1661315510517,53.833868448948294
2005-02-18 10:00:00,342.0,715.0,331.30486584111674,10.695134158883263
2005-02-18 11:00:00,254.0,805.0,255.62953106577757,1.6295310657775701
2005-02-18 12:00:00,231.0,837.0,228.34163579881653,2.658364201183474
2005-02-18 13:00:00,213.0,804.0,228.69981536403571,15.699815364035715
2005-02-18 14:00:00,208.0,775.0,251.89327299312998,43.89327299312998
2005-02-18 15:00:00,270.0,771.0,265.69717298463644,4.302827015363562
2005-02-18 16:00:00,276.0,724.0,308.80974450573075,32.80974450573075
2005-02-18 17:00:00,375.0,664.0,383.59646999238646,8.59646999238646
2005-02-18 18:00:00,395.0,617.0,452.1429805987458,57.142980598745794
2005-02-18 19:00:00,421.0,573.0,505.4109743839739,84.4109743839739
2005-02-18 20:00:00,632.0,549.0,552.3085181220329,79.69148187796714
2005-02-18 21:00:00,424.0,666.0,434.4550752364271,10.455075236427092
2005-02-18 22:00:00,369.0,677.0,427.0248758870375,58.024875887037524
2005-02-18 23:00:00,484.0,618.0,542.3291532289014,58.32915322890142
2005-02-19 00:00:00,456.0,684.0,471.9487356325635,15.948735632563512
2005-02-19 01:00:00,373.0,727.0,415.37881564351335,42.37881564351335
2005-02-19 02:00:00,228.0,834.0,317.73628113358643,89.73628113358643
2005-02-19 04:00:00,117.0,948.0,240.79552817363154,123.79552817363154
2005-02-19 05:00:00,108.0,962.0,230.31951500577574,122.31951500577574
2005-02-19 06:00:00,126.0,950.0,232.01172472175267,106.01172472175267
2005-02-19 07:00:00,235.0,819.0,300.151404215119,65.15140421511899
2005-02-19 08:00:00,339.0,678.0,397.7296620767106,58.72966207671061
2005-02-19 09:00:00,399.0,651.0,441.9315615593237,42.93156155932371
2005-02-19 10:00:00,346.0,750.0,388.25621751040893,42.25621751040893
2005-02-19 11:00:00,407.0,696.0,461.5920945945795,54.59209459457952
2005-02-19 12:00:00,393.0,722.0,435.63995119625724,42.63995119625724
2005-02-19 13:00:00,166.0,890.0,243.1872362914493,77.1872362914493
2005-02-19 14:00:00,157.0,868.0,219.2086561473675,62.20865614736749
2005-02-19 15:00:00,141.0,924.0,184.7396014151687,43.73960141516869
2005-02-19 16:00:00,144.0,905.0,192.7703337138921,48.770333713892086
2005-02-19 17:00:00,191.0,797.0,261.0838375613101,70.08383756131008
2005-02-19 18:00:00,255.0,708.0,353.9434668101709,98.94346681017089
2005-02-19 19:00:00,379.0,639.0,464.34967410824675,85.34967410824675
2005-02-19 20:00:00,427.0,593.0,550.1031862732917,123.10318627329173
2005-02-19 21:00:00,509.0,600.0,577.1815663344133,68.18156633441333
2005-02-19 22:00:00,459.0,609.0,581.275144231603,122.27514423160301
2005-02-19 23:00:00,293.0,664.0,508.0126831233665,215.01268312336651
2005-02-20 00:00:00,269.0,684.0,469.2020733863071,200.20207338630712
2005-02-20 01:00:00,244.0,745.0,394.1528664418514,150.15286644185142
2005-02-20 02:00:00,293.0,643.0,493.76669325599124,200.76669325599124
2005-02-20 04:00:00,177.0,775.0,317.5873679637289,140.58736796372892
2005-02-20 05:00:00,81.0,978.0,166.08725802334607,85.08725802334607
2005-02-20 06:00:00,42.0,1148.0,109.75372442821555,67.75372442821555
2005-02-20 07:00:00,61.0,1142.0,112.07432166793609,51.07432166793609
2005-02-20 08:00:00,101.0,1065.0,135.6076010274478,34.6076010274478
2005-02-20 09:00:00,98.0,1035.0,144.26366042491122,46.26366042491122
2005-02-20 10:00:00,114.0,944.0,172.729146317625,58.72914631762501
2005-02-20 11:00:00,118.0,928.0,176.09960458535403,58.09960458535403
2005-02-20 12:00:00,120.0,916.0,178.0936139409601,58.0936139409601
2005-02-20 13:00:00,151.0,891.0,178.70358217219916,27.703582172199162
2005-02-20 14:00:00,131.0,919.0,166.6025789707208,35.6025789707208
2005-02-20 15:00:00,145.0,861.0,194.30034950782485,49.30034950782485
2005-02-20 16:00:00,156.0,854.0,200.5541366775288,44.55413667752879
2005-02-20 17:00:00,151.0,915.0,180.25234707976466,29.25234707976466
2005-02-20 18:00:00,173.0,853.0,215.9553994067733,42.955399406773296
2005-02-20 19:00:00,154.0,906.0,190.69463146882353,36.69463146882353
2005-02-20 20:00:00,221.0,801.0,263.08009227413186,42.08009227413186
2005-02-20 21:00:00,193.0,851.0,236.64638719632157,43.64638719632157
2005-02-20 22:00:00,130.0,898.0,191.71485266808125,61.71485266808125
2005-02-20 23:00:00,156.0,876.0,203.65379685320974,47.65379685320974
2005-02-21 00:00:00,148.0,877.0,182.67372367907473,34.673723679074726
2005-02-21 01:00:00,93.0,1005.0,133.79868357870697,40.79868357870697
2005-02-21 02:00:00,66.0,1130.0,98.6996220560248,32.69962205602479
2005-02-21 04:00:00,38.0,1317.0,69.69292924935075,31.692929249350755
2005-02-21 05:00:00,50.0,1129.0,96.16766993551744,46.16766993551744
2005-02-21 06:00:00,77.0,987.0,125.82095375406533,48.82095375406533
2005-02-21 07:00:00,183.0,766.0,215.04694672142398,32.04694672142398
2005-02-21 08:00:00,256.0,609.0,352.1323193480554,96.13231934805538
2005-02-21 09:00:00,355.0,566.0,422.03645895566854,67.03645895566854
2005-02-21 10:00:00,491.0,614.0,387.3066532212499,103.69334677875008
2005-02-21 11:00:00,387.0,684.0,343.7711604339976,43.22883956600242
2005-02-21 12:00:00,384.0,694.0,330.0426293385878,53.9573706614122
2005-02-21 13:00:00,368.0,623.0,383.6812307320561,15.681230732056122
2005-02-21 14:00:00,258.0,664.0,321.1233145710761,63.123314571076094
2005-02-21 15:00:00,231.0,694.0,295.8133742742696,64.81337427426962
2005-02-21 16:00:00,290.0,641.0,339.18665042327586,49.186650423275864
2005-02-21 17:00:00,335.0,618.0,371.8154323996242,36.81543239962423
2005-02-21 18:00:00,293.0,656.0,315.54490298746356,22.54490298746356
2005-02-21 19:00:00,526.0,469.0,526.8682757364375,0.8682757364374538
2005-02-21 20:00:00,607.0,466.0,559.0084091084103,47.99159089158968
2005-02-21 21:00:00,326.0,680.0,342.31309107459236,16.313091074592364
2005-02-21 22:00:00,188.0,811.0,254.42661478709942,66.42661478709942
2005-02-21 23:00:00,163.0,914.0,200.80908904878854,37.809089048788536
2005-02-22 00:00:00,102.0,1015.0,152.22634636257396,50.22634636257396
2005-02-22 01:00:00,95.0,992.0,149.1274225655415,54.12742256554151
2005-02-22 02:00:00,71.0,1112.0,108.4164930747383,37.4164930747383
2005-02-22 04:00:00,46.0,1349.0,65.47204118786652,19.472041187866523
2005-02-22 05:00:00,62.0,1152.0,100.9493582202133,38.9493582202133
2005-02-22 06:00:00,170.0,929.0,176.85124924054975,6.851249240549748
2005-02-22 07:00:00,313.0,690.0,313.90732322459957,0.9073232245995655
2005-02-22 08:00:00,687.0,490.0,527.365838821501,159.63416117849897
2005-02-22 09:00:00,757.0,418.0,610.613155736065,146.38684426393502
2005-02-22 10:00:00,559.0,528.0,487.4795376818465,71.52046231815348
2005-02-22 11:00:00,286.0,725.0,304.6348254207673,18.6348254207673
2005-02-22 12:00:00,324.0,653.0,350.32661645306484,26.326616453064844
2005-02-22 13:00:00,316.0,611.0,381.3740588047326,65.37405880473261
2005-02-22 14:00:00,407.0,573.0,379.8031243033257,27.196875696674283
2005-02-22 15:00:00,305.0,657.0,293.4179720620632,11.5820279379368
2005-02-22 16:00:00,360.0,613.0,347.5914000605102,12.408599939489818
2005-02-22 17:00:00,339.0,702.0,263.83492518972287,75.16507481027713
2005-02-22 18:00:00,304.0,650.0,315.18789593445655,11.187895934456549
2005-02-22 19:00:00,397.0,601.0,356.4360139745952,40.5639860254048
2005-02-22 20:00:00,270.0,717.0,236.3530298924747,33.646970107525306
2005-02-22 21:00:00,339.0,680.0,314.4957888023227,24.504211197677307
2005-02-22 22:00:00,190.0,903.0,175.46412543130123,14.535874568698773
2005-02-22 23:00:00,126.0,995.0,152.10954156642686,26.109541566426856
2005-02-23 00:00:00,189.0,852.0,213.18452808522608,24.184528085226077
2005-02-23 01:00:00,146.0,907.0,182.6601935169826,36.66019351698259
2005-02-23 02:00:00,98.0,1063.0,127.56220700033919,29.562207000339185
2005-02-23 04:00:00,75.0,1132.0,114.79062374923717,39.79062374923717
2005-02-23 05:00:00,77.0,1261.0,89.46407063359067,12.464070633590666
2005-02-23 06:00:00,72.0,1251.0,85.70749172848656,13.70749172848656
2005-02-23 07:00:00,152.0,1084.0,126.56463553766315,25.43536446233685
2005-02-23 08:00:00,337.0,719.0,283.2400388858412,53.759961114158784
2005-02-23 09:00:00,360.0,740.0,261.92844269433033,98.07155730566967
2005-02-23 10:00:00,243.0,881.0,183.2485450985268,59.75145490147321
2005-02-23 11:00:00,277.0,895.0,189.4909207912964,87.50907920870361
2005-02-23 12:00:00,266.0,900.0,201.76192640880606,64.23807359119394
2005-02-23 13:00:00,317.0,701.0,296.61207158844104,20.38792841155896
2005-02-23 14:00:00,375.0,629.0,371.3579466360187,3.64205336398129
2005-02-23 15:00:00,349.0,638.0,350.2261715029409,1.226171502940872
2005-02-23 16:00:00,377.0,653.0,347.902899623514,29.097100376486026
2005-02-23 17:00:00,403.0,632.0,361.40382386588533,41.59617613411467
2005-02-23 18:00:00,422.0,610.0,373.60377231732724,48.39622768267276
2005-02-23 19:00:00,388.0,605.0,394.48170323673594,6.481703236735939
2005-02-23 20:00:00,431.0,590.0,425.67455538739233,5.325444612607669
2005-02-23 21:00:00,425.0,619.0,428.4138492526782,3.413849252678176
2005-02-23 22:00:00,391.0,657.0,386.6173454225711,4.382654577428923
2005-02-23 23:00:00,231.0,825.0,279.1266705542989,48.126670554298926
2005-02-24 00:00:00,248.0,831.0,251.15508175154025,3.1550817515402514
2005-02-24 01:00:00,142.0,977.0,184.92907204608116,42.92907204608116
2005-02-24 02:00:00,117.0,956.0,177.45754943410606,60.457549434106056
2005-02-24 04:00:00,96.0,1148.0,118.81380220680899,22.813802206808987
2005-02-24 05:00:00,87.0,1135.0,118.56544007070295,31.565440070702948
2005-02-24 06:00:00,197.0,937.0,185.0934019752466,11.906598024753407
2005-02-24 07:00:00,290.0,755.0,275.10428918288494,14.89571081711506
2005-02-24 08:00:00,621.0,555.0,452.9136340843336,168.08636591566642
2005-02-24 09:00:00,645.0,522.0,503.70766192083283,141.29233807916717
2005-02-24 10:00:00,573.0,640.0,390.1387215200497,182.86127847995027
2005-02-24 11:00:00,414.0,728.0,311.88715096019814,102.11284903980186
2005-02-24 12:00:00,314.0,770.0,273.41935730673555,40.58064269326445
2005-02-24 13:00:00,317.0,697.0,308.5065073620017,8.493492637998315
2005-02-24 14:00:00,290.0,685.0,298.25868504744767,8.25868504744767
2005-02-24 15:00:00,385.0,612.0,406.4525291728619,21.452529172861887
2005-02-24 16:00:00,507.0,537.0,524.9762918036884,17.976291803688355
2005-02-24 17:00:00,534.0,525.0,554.5574534829211,20.55745348292112
2005-02-24 18:00:00,601.0,468.0,661.05257103648,60.05257103648
2005-02-24 19:00:00,583.0,473.0,632.7248756168842,49.72487561688422
2005-02-24 20:00:00,551.0,485.0,628.0225367880171,77.02253678801708
2005-02-24 21:00:00,547.0,531.0,554.1556937366751,7.155693736675062
2005-02-24 22:00:00,385.0,652.0,397.83348989226636,12.833489892266357
2005-02-24 23:00:00,318.0,681.0,359.6458334125311,41.64583341253109
2005-02-25 00:00:00,356.0,657.0,366.62283799447437,10.622837994474366
2005-02-25 01:00:00,326.0,692.0,346.29670007902064,20.29670007902064
2005-02-25 02:00:00,233.0,767.0,280.10932463637204,47.10932463637204
2005-02-25 04:00:00,116.0,863.0,224.243480366739,108.24348036673899
2005-02-25 05:00:00,120.0,991.0,167.43910628869463,47.43910628869463
2005-02-25 06:00:00,228.0,872.0,219.26493485758974,8.735065142410264
2005-02-25 07:00:00,303.0,751.0,286.07157636124685,16.928423638753145
2005-02-25 10:00:00,529.0,504.0,588.4152739911513,59.41527399115125
2005-02-25 11:00:00,615.0,615.0,434.2349495232028,180.76505047679723
2005-02-25 12:00:00,298.0,771.0,264.49544705973847,33.50455294026153
2005-02-25 13:00:00,317.0,707.0,285.8731107271275,31.126889272872518
2005-02-25 14:00:00,305.0,727.0,261.84787780068,43.15212219931999
2005-02-25 15:00:00,253.0,762.0,240.3377382909502,12.662261709049801
2005-02-25 16:00:00,296.0,723.0,263.1437546171766,32.856245382823374
2005-02-25 17:00:00,293.0,710.0,290.996141623406,2.003858376593996
2005-02-25 18:00:00,353.0,631.0,381.3355596114632,28.335559611463225
2005-02-25 19:00:00,399.0,625.0,413.63978974509195,14.639789745091946
2005-02-25 20:00:00,454.0,609.0,414.9598349971744,39.040165002825574
2005-02-25 21:00:00,356.0,735.0,338.75749833778445,17.242501662215545
2005-02-25 22:00:00,473.0,629.0,465.2913581816342,7.708641818365777
2005-02-25 23:00:00,482.0,648.0,449.89607768302096,32.10392231697904
2005-02-26 00:00:00,443.0,687.0,410.750014337862,32.24998566213799
2005-02-26 01:00:00,373.0,757.0,334.60708937435317,38.392910625646834
2005-02-26 02:00:00,320.0,771.0,303.98496273354027,16.01503726645973
2005-02-26 04:00:00,233.0,784.0,310.3407168946423,77.3407168946423
2005-02-26 05:00:00,161.0,897.0,232.39872212494436,71.39872212494436
2005-02-26 06:00:00,137.0,993.0,180.32723904263497,43.32723904263497
2005-02-26 07:00:00,144.0,1121.0,135.67997534655797,8.320024653442033
2005-02-26 08:00:00,182.0,966.0,177.32846618657146,4.671533813428539
2005-02-26 09:00:00,227.0,899.0,200.49145207431832,26.508547925681682
2005-02-26 10:00:00,203.0,920.0,195.69280553076902,7.3071944692309785
2005-02-26 11:00:00,179.0,924.0,185.64524855930264,6.645248559302644
2005-02-26 12:00:00,171.0,892.0,196.925167543488,25.925167543487987
2005-02-26 13:00:00,181.0,868.0,198.34557889587063,17.34557889587063
2005-02-26 14:00:00,175.0,863.0,193.75398805527936,18.753988055279365
2005-02-26 15:00:00,148.0,962.0,156.98723330145623,8.987233301456229
2005-02-26 16:00:00,132.0,955.0,151.9695121822458,19.969512182245808
2005-02-26 17:00:00,162.0,888.0,185.1096772043169,23.10967720431691
2005-02-26 18:00:00,185.0,863.0,207.5084261440234,22.50842614402339
2005-02-26 19:00:00,234.0,821.0,236.8093592446693,2.8093592446693094
2005-02-26 20:00:00,275.0,663.0,340.9328799733646,65.9328799733646
2005-02-26 21:00:00,272.0,713.0,326.9864912280177,54.98649122801771
2005-02-26 22:00:00,331.0,689.0,381.4290737750609,50.429073775060886
2005-02-26 23:00:00,347.0,637.0,432.09477201049043,85.09477201049043
2005-02-27 00:00:00,488.0,612.0,485.69091697270045,2.3090830272995504
2005-02-27 01:00:00,404.0,679.0,413.0032290659796,9.00322906597961
2005-02-27 02:00:00,255.0,798.0,306.1983034904924,51.19830349049238
2005-02-27 04:00:00,174.0,840.0,269.3493792898003,95.34937928980031
2005-02-27 05:00:00,108.0,988.0,182.90963549742514,74.90963549742514
2005-02-27 06:00:00,107.0,949.0,186.00696014148167,79.00696014148167
2005-02-27 07:00:00,188.0,900.0,229.27380165871642,41.27380165871642
2005-02-27 08:00:00,225.0,894.0,229.88110807538834,4.88110807538834
2005-02-27 09:00:00,208.0,891.0,240.3458409740044,32.3458409740044
2005-02-27 10:00:00,270.0,739.0,329.8815292564084,59.881529256408385
2005-02-27 11:00:00,202.0,817.0,252.99431448236578,50.99431448236578
2005-02-27 12:00:00,168.0,888.0,199.3347640802181,31.334764080218093
2005-02-27 13:00:00,191.0,898.0,196.96200287911847,5.962002879118472
2005-02-27 14:00:00,149.0,1012.0,151.40304425315998,2.403044253159976
2005-02-27 15:00:00,101.0,1053.0,130.0619051028704,29.061905102870412
2005-02-27 16:00:00,134.0,1033.0,136.51904115102082,2.519041151020815
2005-02-27 17:00:00,150.0,1035.0,140.05707668101167,9.942923318988335
2005-02-27 18:00:00,188.0,1007.0,158.30194858080614,29.69805141919386
2005-02-27 19:00:00,254.0,886.0,226.9401769359884,27.059823064011596
2005-02-27 20:00:00,324.0,801.0,288.0538496745203,35.94615032547972
2005-02-27 21:00:00,238.0,975.0,178.33037242877776,59.669627571222236
2005-02-27 22:00:00,128.0,1079.0,136.19366930340863,8.193669303408626
2005-02-27 23:00:00,169.0,950.0,181.53778396417425,12.537783964174253
2005-02-28 00:00:00,215.0,913.0,207.4513683129254,7.5486316870745895
2005-02-28 01:00:00,111.0,1119.0,118.99073787510133,7.990737875101331
2005-02-28 02:00:00,60.0,1268.0,85.32589191655512,25.325891916555122
2005-02-28 04:00:00,29.0,1609.0,50.05154073627739,21.05154073627739
2005-02-28 05:00:00,25.0,1664.0,45.48975255023646,20.48975255023646
2005-02-28 06:00:00,34.0,1665.0,44.788556047162274,10.788556047162274
2005-02-28 07:00:00,89.0,1378.0,73.25906570354636,15.740934296453645
2005-02-28 08:00:00,212.0,1015.0,141.02361564583993,70.97638435416007
2005-02-28 09:00:00,216.0,943.0,164.95053644770093,51.04946355229907
2005-02-28 10:00:00,191.0,1040.0,141.25675511352813,49.74324488647187
2005-02-28 11:00:00,200.0,1084.0,128.43811432464474,71.56188567535526
2005-02-28 12:00:00,164.0,1137.0,114.8903571694405,49.109642830559494
2005-02-28 13:00:00,185.0,1016.0,143.8155631572409,41.18443684275911
2005-02-28 14:00:00,156.0,1045.0,136.49225530516333,19.507744694836674
2005-02-28 15:00:00,155.0,1134.0,119.02832004589936,35.97167995410064
2005-02-28 16:00:00,158.0,1099.0,124.84788230192919,33.15211769807081
2005-02-28 17:00:00,166.0,1093.0,129.52083993578435,36.47916006421565
2005-02-28 18:00:00,268.0,849.0,222.58495830814624,45.41504169185376
2005-02-28 19:00:00,309.0,790.0,263.4464666652373,45.553533334762676
2005-02-28 20:00:00,297.0,814.0,258.8204243750345,38.17957562496548
2005-02-28 21:00:00,225.0,1015.0,173.6868726294869,51.31312737051309
2005-02-28 22:00:00,122.0,1183.0,119.92946626760573,2.070533732394267
2005-02-28 23:00:00,100.0,1285.0,98.81870134783304,1.1812986521669586
2005-03-01 00:00:00,86.0,1327.0,85.02047351207176,0.9795264879282399
2005-03-01 01:00:00,71.0,1364.0,78.20851817517166,7.208518175171662
2005-03-01 02:00:00,39.0,1498.0,60.56315155226565,21.56315155226565
2005-03-01 04:00:00,29.0,1804.0,36.13309476308609,7.133094763086092
2005-03-01 05:00:00,32.0,1727.0,41.68969540005122,9.689695400051221
2005-03-01 06:00:00,37.0,1677.0,44.68777823769267,7.687778237692669
2005-03-01 07:00:00,134.0,1361.0,81.37137049167279,52.62862950832721
2005-03-01 08:00:00,358.0,911.0,198.6401327585499,159.3598672414501
2005-03-01 09:00:00,354.0,853.0,244.32745359855295,109.67254640144705
2005-03-01 10:00:00,284.0,988.0,190.6865091441316,93.3134908558684
2005-03-01 11:00:00,213.0,1122.0,142.1155944478566,70.88440555214339
2005-03-01 12:00:00,174.0,1181.0,117.18516759541745,56.814832404582546
2005-03-01 13:00:00,157.0,1097.0,128.96162616645114,28.03837383354886
2005-03-01 14:00:00,178.0,1030.0,146.72389107521622,31.276108924783784
2005-03-01 15:00:00,187.0,1074.0,142.4906035356417,44.5093964643583
2005-03-01 16:00:00,198.0,1045.0,151.9573321226586,46.04266787734139
2005-03-01 17:00:00,186.0,1073.0,144.75594565090103,41.244054349098974
2005-03-01 18:00:00,203.0,922.0,187.34362391413697,15.65637608586303
2005-03-01 19:00:00,313.0,815.0,282.5336284080496,30.466371591950406
2005-03-01 20:00:00,342.0,751.0,330.38260606409216,11.617393935907842
2005-03-01 21:00:00,310.0,913.0,253.09295351504846,56.907046484951536
2005-03-01 22:00:00,165.0,1137.0,153.10243197607548,11.89756802392452
2005-03-01 23:00:00,152.0,1143.0,151.23533861047582,0.7646613895241785
2005-03-02 00:00:00,141.0,1184.0,131.84948704778867,9.15051295221133
2005-03-02 01:00:00,122.0,1253.0,114.08536228419212,7.914637715807885
2005-03-02 02:00:00,79.0,1307.0,94.23853783277303,15.238537832773034
2005-03-02 04:00:00,81.0,1302.0,120.47547771281972,39.475477712819725
2005-03-02 05:00:00,77.0,1262.0,138.78716828736918,61.787168287369184
2005-03-02 06:00:00,124.0,1158.0,178.11154071985612,54.11154071985612
2005-03-02 07:00:00,159.0,1023.0,214.5254111299589,55.52541112995891
2005-03-02 08:00:00,396.0,690.0,412.44700721133285,16.447007211332846
2005-03-02 09:00:00,479.0,669.0,444.6151856548887,34.384814345111295
2005-03-02 10:00:00,438.0,774.0,379.613616231836,58.38638376816402
2005-03-02 11:00:00,466.0,747.0,366.82774697734624,99.17225302265376
2005-03-02 12:00:00,288.0,900.0,228.47621547257074,59.52378452742926
2005-03-02 13:00:00,205.0,927.0,197.38523383034885,7.614766169651148
2005-03-02 14:00:00,311.0,790.0,274.1665991619181,36.8334008380819
2005-03-02 15:00:00,246.0,898.0,208.45498366966052,37.54501633033948
2005-03-02 16:00:00,356.0,804.0,282.1654037761693,73.83459622383072
2005-03-02 17:00:00,397.0,802.0,300.07550227181974,96.92449772818026
2005-03-02 18:00:00,579.0,624.0,501.0582341015863,77.94176589841368
2005-03-02 19:00:00,819.0,523.0,693.3088101594074,125.69118984059264
2005-03-02 20:00:00,754.0,551.0,689.0426712760493,64.9573287239507
2005-03-02 21:00:00,473.0,656.0,556.6626136308241,83.66261363082413
2005-03-02 22:00:00,300.0,754.0,451.155374618837,151.15537461883702
2005-03-02 23:00:00,235.0,818.0,393.016213366123,158.016213366123
2005-03-03 00:00:00,207.0,799.0,396.70090259964917,189.70090259964917
2005-03-03 01:00:00,204.0,832.0,372.00518918676545,168.00518918676545
2005-03-03 02:00:00,155.0,875.0,329.3662347434783,174.3662347434783
2005-03-03 04:00:00,179.0,783.0,431.6631530377016,252.6631530377016
2005-03-03 05:00:00,143.0,754.0,439.01205199904393,296.01205199904393
2005-03-03 06:00:00,212.0,702.0,472.5315413214571,260.5315413214571
2005-03-03 07:00:00,263.0,650.0,515.7582176581026,252.75821765810258
2005-03-03 08:00:00,648.0,496.0,722.3612652912811,74.36126529128114
2005-03-03 09:00:00,717.0,529.0,649.0337914629313,67.96620853706872
2005-03-03 10:00:00,389.0,687.0,442.85285316979605,53.85285316979605
2005-03-03 11:00:00,438.0,692.0,388.49805423820965,49.50194576179035
2005-03-03 12:00:00,282.0,757.0,326.94403273827714,44.944032738277144
2005-03-03 13:00:00,268.0,773.0,310.22992725614426,42.229927256144265
2005-03-03 14:00:00,248.0,767.0,290.0928450380929,42.09284503809289
2005-03-03 15:00:00,272.0,758.0,295.34391860779704,23.343918607797036
2005-03-03 16:00:00,291.0,740.0,292.5077536629792,1.507753662979212
2005-03-03 17:00:00,363.0,670.0,362.6468378556972,0.35316214430281434
2005-03-03 18:00:00,660.0,507.0,561.9875951300223,98.01240486997767
2005-03-03 19:00:00,907.0,476.0,610.4849891561367,296.51501084386325
2005-03-03 20:00:00,639.0,508.0,540.1508843013052,98.84911569869485
2005-03-03 21:00:00,574.0,568.0,488.06639690578567,85.93360309421433
2005-03-03 22:00:00,373.0,621.0,444.2902803683786,71.2902803683786
2005-03-03 23:00:00,330.0,664.0,407.85389854835523,77.85389854835523
2005-03-04 00:00:00,336.0,654.0,430.2728956738671,94.27289567386708
2005-03-04 01:00:00,347.0,680.0,380.00263819333406,33.002638193334064
2005-03-04 02:00:00,241.0,765.0,325.02112852952246,84.02112852952246
2005-03-04 04:00:00,96.0,1134.0,149.7896692418139,53.7896692418139
2005-03-04 05:00:00,147.0,925.0,229.96160655492002,82.96160655492002
2005-03-04 06:00:00,210.0,833.0,272.5398900291558,62.5398900291558
2005-03-04 07:00:00,409.0,682.0,376.56290362261734,32.43709637738266
2005-03-04 08:00:00,719.0,506.0,593.5959847987804,125.40401520121964
2005-03-04 09:00:00,959.0,399.0,759.632554138771,199.36744586122904
2005-03-04 10:00:00,744.0,524.0,606.7140409733129,137.28595902668712
2005-03-04 11:00:00,583.0,533.0,568.8164967656129,14.183503234387103
2005-03-04 12:00:00,597.0,537.0,613.0275896084892,16.027589608489166
2005-03-04 13:00:00,550.0,507.0,629.8049657810892,79.80496578108921
2005-03-04 14:00:00,499.0,515.0,609.3339306876826,110.3339306876826
2005-03-04 15:00:00,470.0,525.0,577.823475881354,107.82347588135406
2005-03-04 16:00:00,568.0,521.0,586.0889614420001,18.08896144200014
2005-03-04 17:00:00,525.0,544.0,555.5302083685926,30.53020836859264
2005-03-04 18:00:00,481.0,575.0,501.94845186238535,20.948451862385355
2005-03-04 19:00:00,414.0,558.0,539.6408893424635,125.64088934246354
2005-03-04 20:00:00,565.0,514.0,588.7167903465265,23.716790346526523
2005-03-04 21:00:00,303.0,710.0,383.351062848753,80.35106284875297
2005-03-04 22:00:00,221.0,820.0,293.981516771507,72.98151677150702
2005-03-04 23:00:00,260.0,759.0,352.5601687037017,92.56016870370172
2005-03-05 00:00:00,327.0,768.0,344.7465896751276,17.74658967512761
2005-03-05 01:00:00,344.0,715.0,377.98587515126746,33.985875151267464
2005-03-05 02:00:00,270.0,848.0,268.0763539498489,1.923646050151092
2005-03-05 04:00:00,191.0,819.0,293.3582864316124,102.35828643161238
2005-03-05 05:00:00,136.0,889.0,227.60130593413635,91.60130593413635
2005-03-05 06:00:00,194.0,810.0,287.7232630106556,93.72326301065561
2005-03-05 07:00:00,168.0,1082.0,152.50283283736502,15.49716716263498
2005-03-05 08:00:00,254.0,842.0,256.05278974616533,2.052789746165331
2005-03-05 09:00:00,410.0,701.0,340.0854035540517,69.91459644594829
2005-03-05 10:00:00,166.0,957.0,169.44605591310415,3.4460559131041464
2005-03-05 11:00:00,162.0,870.0,187.18077503911252,25.18077503911252
2005-03-05 12:00:00,188.0,830.0,206.86716682573245,18.867166825732454
2005-03-05 13:00:00,199.0,787.0,230.50627425982623,31.506274259826228
2005-03-05 14:00:00,272.0,724.0,270.60395516841413,1.3960448315858685
2005-03-05 15:00:00,180.0,820.0,204.67942188423427,24.679421884234273
2005-03-05 16:00:00,255.0,751.0,262.82024565138903,7.82024565138903
2005-03-05 17:00:00,251.0,721.0,279.1067497727205,28.10674977272049
2005-03-05 18:00:00,258.0,695.0,310.8075275314176,52.80752753141758
2005-03-05 19:00:00,344.0,654.0,359.14719954386095,15.14719954386095
2005-03-05 20:00:00,380.0,622.0,407.7008345240288,27.700834524028778
2005-03-05 21:00:00,464.0,635.0,399.26541091825004,64.73458908174996
2005-03-05 22:00:00,304.0,697.0,341.37529592900887,37.37529592900887
2005-03-05 23:00:00,258.0,707.0,358.4275318254155,100.42753182541549
2005-03-06 00:00:00,358.0,665.0,409.5476478870634,51.54764788706342
2005-03-06 01:00:00,278.0,842.0,261.01870141736777,16.981298582632235
2005-03-06 02:00:00,116.0,1088.0,126.04984102714047,10.049841027140474
2005-03-06 04:00:00,60.0,1203.0,92.25504445687733,32.25504445687733
2005-03-06 05:00:00,51.0,1285.0,76.77932838173064,25.779328381730636
2005-03-06 06:00:00,33.0,1433.0,62.68285803221892,29.682858032218917
2005-03-06 07:00:00,80.0,1246.0,87.38688726667596,7.386887266675956
2005-03-06 08:00:00,103.0,1219.0,97.67555231600932,5.324447683990684
2005-03-06 09:00:00,93.0,1148.0,109.09546031995319,16.09546031995319
2005-03-06 10:00:00,108.0,1162.0,110.02359295094288,2.0235929509428843
2005-03-06 11:00:00,107.0,1081.0,126.26213111669534,19.262131116695343
2005-03-06 12:00:00,122.0,1055.0,132.5893159011635,10.589315901163502
2005-03-06 13:00:00,122.0,1002.0,141.66472053523268,19.664720535232675
2005-03-06 14:00:00,156.0,830.0,185.99752255195514,29.997522551955143
2005-03-06 15:00:00,246.0,609.0,319.8723951319587,73.87239513195868
2005-03-06 16:00:00,205.0,912.0,185.44778680282633,19.55221319717367
2005-03-06 17:00:00,257.0,839.0,231.70292190859288,25.297078091407116
2005-03-06 18:00:00,228.0,735.0,292.5279663288168,64.52796632881677
2005-03-06 19:00:00,321.0,797.0,307.5488395087835,13.451160491216513
2005-03-06 20:00:00,270.0,834.0,275.78628528282445,5.786285282824451
2005-03-06 21:00:00,203.0,879.0,230.9496194214758,27.949619421475802
2005-03-06 22:00:00,201.0,918.0,219.59727091280047,18.597270912800468
2005-03-06 23:00:00,207.0,883.0,242.44069871274385,35.44069871274385
2005-03-07 00:00:00,180.0,939.0,198.84017169763672,18.84017169763672
2005-03-07 01:00:00,140.0,960.0,174.31878053292246,34.31878053292246
2005-03-07 02:00:00,93.0,1080.0,128.6024956521855,35.602495652185496
2005-03-07 04:00:00,35.0,1490.0,60.28298472483203,25.282984724832033
2005-03-07 05:00:00,47.0,1359.0,76.53690909438012,29.53690909438012
2005-03-07 06:00:00,68.0,1312.0,83.86011388739581,15.860113887395812
2005-03-07 07:00:00,131.0,1099.0,126.13070488501006,4.869295114989939
2005-03-07 08:00:00,289.0,812.0,253.19321734570534,35.806782654294665
2005-03-07 09:00:00,322.0,755.0,289.0037946948229,32.996205305177114
2005-03-07 10:00:00,330.0,839.0,249.38450013742045,80.61549986257955
2005-03-07 11:00:00,339.0,912.0,214.24679747928417,124.75320252071583
2005-03-07 12:00:00,316.0,911.0,202.7592852345207,113.24071476547931
2005-03-07 13:00:00,218.0,921.0,183.35757507669524,34.64242492330476
2005-03-07 14:00:00,177.0,919.0,178.41700727952326,1.4170072795232613
2005-03-07 15:00:00,278.0,913.0,196.8328904247628,81.16710957523719
2005-03-07 16:00:00,313.0,886.0,218.59941429101866,94.40058570898134
2005-03-07 17:00:00,351.0,825.0,269.03028603913117,81.96971396086883
2005-03-07 18:00:00,374.0,726.0,338.36920786831183,35.63079213168817
2005-03-07 19:00:00,431.0,621.0,455.63808846534437,24.638088465344367
2005-03-07 20:00:00,468.0,600.0,493.99890599154935,25.99890599154935
2005-03-07 21:00:00,368.0,720.0,400.88823096361244,32.88823096361244
2005-03-07 22:00:00,239.0,861.0,313.31235540346273,74.31235540346273
2005-03-07 23:00:00,292.0,781.0,375.55157328061114,83.55157328061114
2005-03-08 00:00:00,205.0,860.0,313.3155213286236,108.31552132862362
2005-03-08 01:00:00,255.0,799.0,352.75987594430575,97.75987594430575
2005-03-08 02:00:00,220.0,920.0,274.3314080737646,54.33140807376458
2005-03-08 04:00:00,114.0,1054.0,203.29930130879185,89.29930130879185
2005-03-08 05:00:00,153.0,1035.0,213.94060954695652,60.94060954695652
2005-03-08 06:00:00,224.0,949.0,250.76967714955487,26.769677149554866
2005-03-08 07:00:00,295.0,817.0,307.2570763959611,12.257076395961121
2005-03-08 08:00:00,667.0,558.0,571.68297423862,95.31702576138002
2005-03-08 09:00:00,867.0,449.0,729.301932692742,137.69806730725804
2005-03-08 10:00:00,666.0,554.0,604.044596911167,61.95540308883301
2005-03-08 11:00:00,595.0,650.0,468.46633078099785,126.53366921900215
2005-03-08 12:00:00,421.0,797.0,314.83023668311034,106.16976331688966
2005-03-08 13:00:00,292.0,780.0,283.51857414370636,8.48142585629364
2005-03-08 14:00:00,308.0,705.0,321.36947180679056,13.369471806790557
2005-03-08 15:00:00,347.0,732.0,307.2885399769374,39.711460023062614
2005-03-08 16:00:00,377.0,739.0,316.98201061171915,60.01798938828085
2005-03-08 17:00:00,325.0,729.0,327.95613341226715,2.9561334122671497
2005-03-08 18:00:00,508.0,581.0,513.0924814168201,5.092481416820078
2005-03-08 19:00:00,768.0,487.0,704.611344178204,63.388655821795965
2005-03-08 20:00:00,764.0,466.0,743.5969197630752,20.40308023692478
2005-03-08 21:00:00,500.0,600.0,581.9929968685705,81.99299686857046
2005-03-08 22:00:00,463.0,687.0,493.6859543119632,30.6859543119632
2005-03-08 23:00:00,258.0,785.0,398.8551510249864,140.8551510249864
2005-03-09 00:00:00,214.0,795.0,375.4859683449037,161.4859683449037
2005-03-09 01:00:00,191.0,821.0,338.0618145530993,147.06181455309928
2005-03-09 02:00:00,154.0,889.0,281.6202533174347,127.62025331743467
2005-03-09 04:00:00,113.0,969.0,220.64664688530888,107.64664688530888
2005-03-09 05:00:00,167.0,902.0,259.21979089942323,92.21979089942323
2005-03-09 06:00:00,235.0,851.0,287.3501662686804,52.350166268680425
2005-03-09 07:00:00,372.0,708.0,392.48885446993387,20.48885446993387
2005-03-09 08:00:00,877.0,490.0,692.3185327752633,184.6814672247367
2005-03-09 09:00:00,900.0,419.0,812.9308018159828,87.06919818401718
2005-03-09 10:00:00,733.0,504.0,722.0981376029941,10.901862397005857
2005-03-09 11:00:00,691.0,549.0,671.8546435160814,19.14535648391859
2005-03-09 12:00:00,457.0,593.0,566.8546037633399,109.85460376333992
2005-03-09 13:00:00,369.0,573.0,525.2360288774623,156.23602887746233
2005-03-09 14:00:00,285.0,589.0,462.70378635541783,177.70378635541783
2005-03-09 15:00:00,279.0,612.0,410.1998950736361,131.19989507363613
2005-03-09 16:00:00,198.0,638.0,341.30033072508087,143.30033072508087
2005-03-09 17:00:00,229.0,592.0,443.00063732693,214.00063732693002
2005-03-09 18:00:00,477.0,476.0,659.1041764082877,182.10417640828769
2005-03-09 19:00:00,679.0,407.0,839.2997257912991,160.29972579129912
2005-03-09 20:00:00,682.0,407.0,853.5441262128084,171.54412621280835
2005-03-09 21:00:00,679.0,458.0,777.0112418114916,98.01124181149157
2005-03-09 22:00:00,298.0,671.0,472.77606955473715,174.77606955473715
2005-03-09 23:00:00,265.0,670.0,473.1986816985548,208.19868169855482
2005-03-10 00:00:00,196.0,705.0,406.3813852853557,210.3813852853557
2005-03-10 01:00:00,155.0,767.0,344.8668882680678,189.86688826806778
2005-03-10 02:00:00,131.0,801.0,291.47556762605933,160.47556762605933
2005-03-10 04:00:00,165.0,838.0,258.34175878801466,93.34175878801466
2005-03-10 05:00:00,169.0,874.0,243.19997388376328,74.19997388376328
2005-03-10 06:00:00,224.0,852.0,256.4058857898354,32.405885789835395
2005-03-10 07:00:00,249.0,720.0,330.56094236772543,81.56094236772543
2005-03-10 08:00:00,863.0,457.0,658.1081321627198,204.8918678372802
2005-03-10 09:00:00,665.0,439.0,728.1329809632178,63.13298096321785
2005-03-10 10:00:00,670.0,511.0,689.3734150626111,19.373415062611116
2005-03-10 11:00:00,500.0,549.0,629.2948700393224,129.2948700393224
2005-03-10 12:00:00,428.0,578.0,544.5373104939275,116.53731049392752
2005-03-10 14:00:00,306.0,692.0,320.1172954239659,14.117295423965913
2005-03-10 15:00:00,334.0,705.0,308.8722648672134,25.127735132786597
2005-03-10 16:00:00,268.0,821.0,241.5669135304684,26.433086469531588
2005-03-10 17:00:00,284.0,721.0,310.85394991134723,26.85394991134723
2005-03-10 18:00:00,393.0,593.0,433.800150370171,40.800150370171025
2005-03-10 19:00:00,603.0,531.0,553.2151242727102,49.78487572728977
2005-03-10 20:00:00,757.0,497.0,648.3563144334069,108.64368556659315
2005-03-10 21:00:00,684.0,547.0,653.1013776789316,30.898622321068387
2005-03-10 22:00:00,426.0,705.0,464.2979328960911,38.29793289609108
2005-03-10 23:00:00,254.0,806.0,365.64978503880945,111.64978503880945
2005-03-11 00:00:00,227.0,786.0,355.08750663238885,128.08750663238885
2005-03-11 01:00:00,221.0,798.0,350.0960011035314,129.09600110353142
2005-03-11 02:00:00,155.0,905.0,273.57336408982644,118.57336408982644
2005-03-11 03:00:00,120.0,968.0,236.83940955177587,116.83940955177587
2005-03-11 04:00:00,134.0,923.0,247.10477841322273,113.10477841322273
2005-03-11 05:00:00,128.0,999.0,210.7467327642671,82.74673276426711
2005-03-11 06:00:00,148.0,985.0,214.52077854204708,66.52077854204708
2005-03-11 07:00:00,233.0,833.0,287.8003234099534,54.80032340995342
2005-03-11 08:00:00,470.0,563.0,524.6051845266738,54.60518452667384
2005-03-11 09:00:00,679.0,445.0,728.1036109766337,49.10361097663372
2005-03-11 10:00:00,796.0,483.0,750.8723832811979,45.127616718802074
2005-03-11 12:00:00,339.0,618.0,463.59112090760567,124.59112090760567
2005-03-11 13:00:00,354.0,551.0,449.132919937312,95.13291993731201
2005-03-11 14:00:00,466.0,508.0,510.77241377374935,44.77241377374935
2005-03-11 15:00:00,417.0,544.0,432.68059591639627,15.680595916396271
2005-03-11 16:00:00,289.0,585.0,362.5229302304281,73.52293023042807
2005-03-11 17:00:00,324.0,601.0,329.90928641588323,5.90928641588323
2005-03-11 18:00:00,376.0,533.0,430.35630178872674,54.35630178872674
2005-03-11 19:00:00,619.0,428.0,669.1422795799758,50.14227957997582
2005-03-11 20:00:00,689.0,435.0,670.7733922960527,18.226607703947252
2005-03-11 21:00:00,582.0,553.0,498.94078162633684,83.05921837366316
2005-03-11 22:00:00,287.0,690.0,306.3998096025916,19.399809602591574
2005-03-11 23:00:00,238.0,702.0,346.5011409131556,108.50114091315561
2005-03-12 00:00:00,312.0,688.0,396.4612962526736,84.4612962526736
2005-03-12 01:00:00,231.0,765.0,276.11640898296827,45.11640898296827
2005-03-12 02:00:00,234.0,706.0,358.1240648077693,124.12406480776929
2005-03-12 03:00:00,195.0,705.0,344.87864627676464,149.87864627676464
2005-03-12 04:00:00,113.0,873.0,190.1078171757195,77.1078171757195
2005-03-12 05:00:00,73.0,952.0,130.8536210330525,57.85362103305249
2005-03-12 06:00:00,103.0,1029.0,109.53139083627275,6.531390836272749
2005-03-12 07:00:00,121.0,912.0,147.49904099622216,26.499040996222163
2005-03-12 08:00:00,132.0,807.0,174.44221174537915,42.442211745379154
2005-03-12 09:00:00,178.0,679.0,261.3774513087792,83.3774513087792
2005-03-12 10:00:00,218.0,653.0,266.0756590480247,48.075659048024704
2005-03-12 11:00:00,246.0,646.0,285.7558474383165,39.75584743831649
2005-03-12 12:00:00,252.0,678.0,259.436860812875,7.436860812875011
2005-03-12 13:00:00,208.0,702.0,225.93884735458298,17.938847354582975
2005-03-12 14:00:00,219.0,640.0,255.21060333374146,36.21060333374146
2005-03-12 15:00:00,160.0,765.0,191.9321883918157,31.932188391815714
2005-03-12 16:00:00,191.0,699.0,220.57885567495174,29.57885567495174
2005-03-12 17:00:00,270.0,648.0,272.97194076649026,2.9719407664902633
2005-03-12 18:00:00,285.0,622.0,298.824209359704,13.824209359704014
2005-03-12 19:00:00,289.0,641.0,297.9684055307107,8.968405530710697
2005-03-12 20:00:00,550.0,522.0,506.3732434126651,43.62675658733491
2005-03-12 21:00:00,679.0,536.0,527.0712238358655,151.92877616413455
2005-03-12 22:00:00,314.0,699.0,295.69564400391073,18.30435599608927
2005-03-12 23:00:00,166.0,783.0,208.62122130708832,42.62122130708832
2005-03-13 00:00:00,157.0,892.0,149.65716469472773,7.342835305272274
2005-03-13 01:00:00,173.0,860.0,165.4973575047057,7.50264249529431
2005-03-13 02:00:00,184.0,819.0,183.77575690396048,0.22424309603951542
2005-03-13 03:00:00,93.0,942.0,125.44129278897202,32.44129278897202
2005-03-13 04:00:00,85.0,902.0,131.2998911869725,46.2998911869725
2005-03-13 05:00:00,79.0,928.0,127.8249090597165,48.824909059716504
2005-03-13 06:00:00,55.0,1184.0,80.63651628680691,25.63651628680691
2005-03-13 07:00:00,98.0,1063.0,103.37750497968824,5.37750497968824
2005-03-13 08:00:00,190.0,909.0,148.8074222165639,41.19257778343609
2005-03-13 09:00:00,166.0,861.0,180.02510826401948,14.02510826401948
2005-03-13 10:00:00,260.0,711.0,318.23015862096725,58.230158620967245
2005-03-13 11:00:00,362.0,607.0,449.77779464865597,87.77779464865597
2005-03-13 12:00:00,415.0,535.0,542.7188547571136,127.7188547571136
2005-03-13 13:00:00,358.0,570.0,475.0602626559591,117.0602626559591
2005-03-13 14:00:00,170.0,803.0,193.1416718859676,23.14167188596761
2005-03-13 15:00:00,130.0,855.0,162.98274589629284,32.98274589629284
2005-03-13 16:00:00,177.0,742.0,212.83073383712627,35.830733837126274
2005-03-13 17:00:00,233.0,710.0,259.9915837192174,26.991583719217374
2005-03-13 18:00:00,282.0,642.0,318.1968607781573,36.196860778157316
2005-03-13 19:00:00,583.0,469.0,657.4861266701627,74.48612667016266
2005-03-13 20:00:00,566.0,525.0,606.7803053533703,40.780305353370295
2005-03-13 21:00:00,323.0,665.0,397.12183294679124,74.12183294679124
2005-03-13 22:00:00,318.0,613.0,430.3995469529541,112.3995469529541
2005-03-13 23:00:00,336.0,649.0,399.7317543628642,63.731754362864194
2005-03-14 00:00:00,196.0,787.0,245.07726710922674,49.07726710922674
2005-03-14 01:00:00,193.0,733.0,279.871403478572,86.871403478572
2005-03-14 02:00:00,192.0,705.0,331.89326628304485,139.89326628304485
2005-03-14 03:00:00,147.0,761.0,316.4764046708604,169.4764046708604
2005-03-14 04:00:00,122.0,845.0,254.8069636448981,132.8069636448981
2005-03-14 05:00:00,117.0,824.0,248.26437473619222,131.26437473619222
2005-03-14 06:00:00,201.0,735.0,316.2371294754596,115.2371294754596
2005-03-14 07:00:00,318.0,634.0,386.8905303310904,68.89053033109042
2005-03-14 08:00:00,658.0,481.0,586.5493735425439,71.45062645745611
2005-03-14 09:00:00,680.0,411.0,717.7990436363616,37.7990436363616
2005-03-14 10:00:00,497.0,572.0,481.8948071426215,15.105192857378483
2005-03-14 11:00:00,290.0,707.0,315.6434284199648,25.643428419964778
2005-03-14 12:00:00,230.0,681.0,300.183960716774,70.18396071677398
2005-03-14 13:00:00,215.0,670.0,282.425655298366,67.425655298366
2005-03-14 14:00:00,226.0,646.0,290.7879250145612,64.78792501456121
2005-03-14 15:00:00,240.0,660.0,298.3972902884344,58.39729028843442
2005-03-14 16:00:00,391.0,597.0,394.4677526454062,3.4677526454062217
2005-03-14 17:00:00,492.0,540.0,470.86003438591206,21.13996561408794
2005-03-14 18:00:00,700.0,416.0,710.2619274839778,10.261927483977843
2005-03-14 19:00:00,782.0,371.0,801.9149619808148,19.914961980814837
2005-03-14 20:00:00,728.0,378.0,811.7234600719946,83.72346007199462
2005-03-14 21:00:00,510.0,502.0,593.566287940288,83.56628794028802
2005-03-14 22:00:00,308.0,597.0,473.93133471364524,165.93133471364524
2005-03-14 23:00:00,248.0,631.0,398.66522760674707,150.66522760674707
2005-03-15 00:00:00,233.0,721.0,302.47214898086304,69.47214898086304
2005-03-15 01:00:00,96.0,947.0,155.63898817027496,59.638988170274956
2005-03-15 02:00:00,90.0,933.0,157.45242002310192,67.45242002310192
2005-03-15 03:00:00,95.0,931.0,179.1235813617318,84.1235813617318
2005-03-15 04:00:00,68.0,1048.0,138.69095587186092,70.69095587186092
2005-03-15 05:00:00,75.0,1049.0,141.4950458749662,66.4950458749662
2005-03-15 06:00:00,145.0,867.0,215.51082064985525,70.51082064985525
2005-03-15 07:00:00,185.0,760.0,273.85695486223796,88.85695486223796
2005-03-15 08:00:00,506.0,495.0,543.668507367855,37.668507367855
2005-03-15 09:00:00,485.0,434.0,640.0036629806577,155.00366298065774
2005-03-15 10:00:00,684.0,466.0,679.1489891893159,4.851010810684102
2005-03-15 11:00:00,562.0,508.0,560.6206672667848,1.3793327332151648
2005-03-15 12:00:00,357.0,577.0,379.9163335855817,22.916333585581697
2005-03-15 13:00:00,306.0,590.0,339.75204282390837,33.75204282390837
2005-03-15 14:00:00,292.0,608.0,321.7177707347954,29.71777073479541
2005-03-15 15:00:00,305.0,620.0,313.0769726085027,8.076972608502672
2005-03-15 16:00:00,386.0,578.0,370.50999237755764,15.490007622442363
2005-03-15 17:00:00,408.0,552.0,425.18143104750334,17.181431047503338
2005-03-15 18:00:00,521.0,464.0,576.1190651899899,55.1190651899899
2005-03-15 19:00:00,766.0,381.0,775.1998969519443,9.19989695194431
2005-03-15 20:00:00,841.0,346.0,870.4941932996255,29.494193299625522
2005-03-15 21:00:00,754.0,435.0,766.6345363441534,12.634536344153389
2005-03-15 22:00:00,350.0,613.0,491.3850314547264,141.3850314547264
2005-03-15 23:00:00,244.0,674.0,416.57636561162235,172.57636561162235
2005-03-16 00:00:00,221.0,694.0,372.0312459432934,151.0312459432934
2005-03-16 01:00:00,183.0,768.0,303.46452555038775,120.46452555038775
2005-03-16 02:00:00,166.0,823.0,264.90509725775524,98.90509725775524
2005-03-16 03:00:00,133.0,904.0,220.75563986098257,87.75563986098257
2005-03-16 04:00:00,147.0,942.0,193.8765396088782,46.876539608878204
2005-03-16 05:00:00,119.0,967.0,185.72764191755277,66.72764191755277
2005-03-16 06:00:00,179.0,830.0,237.88368494522672,58.88368494522672
2005-03-16 07:00:00,178.0,823.0,249.23718260049813,71.23718260049813
2005-03-16 08:00:00,390.0,588.0,429.19975817629734,39.19975817629734
2005-03-16 09:00:00,579.0,404.0,698.5044027473039,119.50440274730386
2005-03-16 10:00:00,735.0,468.0,706.6993841070312,28.300615892968835
2005-03-16 11:00:00,568.0,509.0,627.5854722051813,59.585472205181304
2005-03-16 12:00:00,487.0,552.0,555.0989949648792,68.09899496487924
2005-03-16 13:00:00,343.0,585.0,434.4901672501312,91.49016725013121
2005-03-16 14:00:00,351.0,617.0,364.2755605191312,13.275560519131204
2005-03-16 15:00:00,417.0,533.0,460.42662188571416,43.426621885714155
2005-03-16 16:00:00,509.0,618.0,394.7265373771813,114.27346262281873
2005-03-16 17:00:00,573.0,529.0,501.530526641057,71.46947335894299
2005-03-16 18:00:00,518.0,509.0,513.3379539254042,4.662046074595764
2005-03-16 19:00:00,641.0,420.0,731.4762135445055,90.47621354450553
2005-03-16 20:00:00,544.0,422.0,754.0769318611929,210.07693186119286
2005-03-16 21:00:00,582.0,423.0,783.6026197563226,201.6026197563226
2005-03-16 22:00:00,407.0,517.0,659.4453609693294,252.44536096932939
2005-03-16 23:00:00,327.0,553.0,603.8192272789122,276.8192272789122
2005-03-17 00:00:00,221.0,661.0,422.12201152743364,201.12201152743364
2005-03-17 01:00:00,142.0,748.0,327.30759325998554,185.30759325998554
2005-03-17 02:00:00,123.0,817.0,267.6609561256445,144.66095612564447
2005-03-17 03:00:00,106.0,921.0,206.01435446711935,100.01435446711935
2005-03-17 04:00:00,100.0,909.0,203.98740442223186,103.98740442223186
2005-03-17 05:00:00,85.0,997.0,162.91449321485175,77.91449321485175
2005-03-17 06:00:00,114.0,903.0,207.08507130733688,93.08507130733688
2005-03-17 07:00:00,299.0,669.0,355.4291696457835,56.429169645783475
2005-03-17 08:00:00,723.0,441.0,666.340127210369,56.65987278963098
2005-03-17 09:00:00,745.0,376.0,820.9627791866596,75.96277918665965
2005-03-17 10:00:00,668.0,471.0,726.6497654619814,58.64976546198136
2005-03-17 11:00:00,571.0,567.0,559.3965692382127,11.603430761787308
2005-03-17 12:00:00,388.0,579.0,498.4691367752181,110.46913677521809
2005-03-17 13:00:00,323.0,581.0,431.73113309353863,108.73113309353863
2005-03-17 14:00:00,312.0,559.0,396.9653650888986,84.96536508889858
2005-03-17 15:00:00,320.0,574.0,356.7358683834958,36.73586838349581
2005-03-17 16:00:00,322.0,576.0,352.9428267580787,30.942826758078695
2005-03-17 17:00:00,276.0,638.0,298.9476012564982,22.947601256498217
2005-03-17 18:00:00,341.0,530.0,448.2793056835534,107.27930568355339
2005-03-17 19:00:00,531.0,459.0,589.7472699654247,58.74726996542472
2005-03-17 20:00:00,653.0,417.0,713.9392896938584,60.93928969385843
2005-03-17 21:00:00,646.0,478.0,658.1282289773817,12.128228977381696
2005-03-17 22:00:00,333.0,611.0,482.2061079222744,149.20610792227438
2005-03-17 23:00:00,299.0,620.0,483.76760092197526,184.76760092197526
2005-03-18 00:00:00,224.0,690.0,377.9218185857286,153.9218185857286
2005-03-18 01:00:00,195.0,721.0,340.4229578191708,145.4229578191708
2005-03-18 02:00:00,209.0,740.0,308.1619068684867,99.16190686848671
2005-03-18 03:00:00,168.0,824.0,253.31051576362384,85.31051576362384
2005-03-18 04:00:00,153.0,843.0,237.45874364948457,84.45874364948457
2005-03-18 05:00:00,140.0,922.0,195.4900736780717,55.490073678071695
2005-03-18 06:00:00,184.0,841.0,230.93580615595462,46.93580615595462
2005-03-18 07:00:00,266.0,709.0,303.39747790048284,37.39747790048284
2005-03-18 08:00:00,518.0,504.0,560.0613149828383,42.061314982838326
2005-03-18 09:00:00,681.0,380.0,757.1937539367512,76.19375393675125
2005-03-18 10:00:00,558.0,465.0,644.5584928370952,86.55849283709517
2005-03-18 11:00:00,457.0,502.0,596.141202632064,139.14120263206405
2005-03-18 12:00:00,353.0,579.0,467.02042638847195,114.02042638847195
2005-03-18 13:00:00,313.0,550.0,450.49638863035506,137.49638863035506
2005-03-18 14:00:00,290.0,597.0,314.42642254207806,24.426422542078058
2005-03-18 15:00:00,318.0,555.0,357.33638202632255,39.33638202632255
2005-03-18 16:00:00,479.0,525.0,442.6855874732569,36.314412526743126
2005-03-18 17:00:00,494.0,525.0,485.98505132188745,8.014948678112546
2005-03-18 18:00:00,551.0,477.0,537.1000096579136,13.899990342086426
2005-03-18 19:00:00,701.0,417.0,692.2752247603096,8.724775239690416
2005-03-18 20:00:00,571.0,407.0,738.8302377045057,167.83023770450575
2005-03-18 21:00:00,643.0,456.0,699.2161855089104,56.21618550891037
2005-03-18 22:00:00,282.0,620.0,383.8345616495767,101.8345616495767
2005-03-18 23:00:00,251.0,631.0,387.00757754411694,136.00757754411694
2005-03-19 00:00:00,307.0,640.0,377.5305711144024,70.53057111440239
2005-03-19 01:00:00,282.0,646.0,380.4863074713806,98.4863074713806
2005-03-19 02:00:00,160.0,845.0,217.1687403477966,57.168740347796586
2005-03-19 03:00:00,125.0,808.0,207.17832228688746,82.17832228688746
2005-03-19 04:00:00,106.0,872.0,163.18144476014413,57.18144476014413
2005-03-19 05:00:00,111.0,846.0,163.47086416305257,52.47086416305257
2005-03-19 06:00:00,115.0,907.0,140.80141842904237,25.80141842904237
2005-03-19 07:00:00,156.0,793.0,217.89605542754583,61.89605542754583
2005-03-19 08:00:00,320.0,555.0,428.33602378664625,108.33602378664625
2005-03-19 09:00:00,380.0,517.0,491.52710985328576,111.52710985328576
2005-03-19 10:00:00,371.0,543.0,466.5354648068677,95.53546480686771
2005-03-19 11:00:00,343.0,560.0,436.4518500321759,93.45185003217591
2005-03-19 12:00:00,297.0,584.0,393.8377103119486,96.83771031194863
2005-03-19 13:00:00,281.0,593.0,367.49540576284795,86.49540576284795
2005-03-19 14:00:00,220.0,652.0,297.4622270822886,77.46222708228862
2005-03-19 15:00:00,174.0,712.0,236.61718496436623,62.61718496436623
2005-03-19 16:00:00,260.0,617.0,320.6728995485357,60.672899548535725
2005-03-19 17:00:00,222.0,696.0,259.49557752025794,37.49557752025794
2005-03-19 18:00:00,266.0,614.0,336.879034452721,70.87903445272099
2005-03-19 19:00:00,387.0,507.0,529.6212206581282,142.6212206581282
2005-03-19 20:00:00,425.0,477.0,595.1582807366044,170.1582807366044
2005-03-19 21:00:00,484.0,552.0,481.12213609366006,2.8778639063399396
2005-03-19 22:00:00,325.0,618.0,383.60029134239284,58.600291342392836
2005-03-19 23:00:00,257.0,589.0,427.4739702011884,170.47397020118842
2005-03-20 00:00:00,273.0,636.0,364.3264383862547,91.32643838625472
2005-03-20 01:00:00,276.0,669.0,325.3859002279511,49.38590022795108
2005-03-20 02:00:00,202.0,736.0,247.58445459984773,45.58445459984773
2005-03-20 03:00:00,132.0,788.0,189.2783466908487,57.27834669084871
2005-03-20 04:00:00,85.0,848.0,153.46035391730305,68.46035391730305
2005-03-20 05:00:00,87.0,851.0,163.64472735122285,76.64472735122285
2005-03-20 06:00:00,70.0,966.0,123.57906729758702,53.57906729758702
2005-03-20 07:00:00,113.0,859.0,166.6748187959431,53.67481879594311
2005-03-20 08:00:00,112.0,888.0,155.24940802399925,43.24940802399925
2005-03-20 09:00:00,140.0,778.0,208.03940778200592,68.03940778200592
2005-03-20 10:00:00,214.0,651.0,313.1966352512652,99.1966352512652
2005-03-20 11:00:00,334.0,581.0,364.3470340778549,30.347034077854914
2005-03-20 12:00:00,203.0,763.0,205.70892802855616,2.7089280285561586
2005-03-20 13:00:00,163.0,796.0,175.95867347708156,12.958673477081561
2005-03-20 14:00:00,110.0,912.0,133.18488052692504,23.184880526925042
2005-03-20 15:00:00,107.0,830.0,152.99996651282248,45.99996651282248
2005-03-20 16:00:00,135.0,786.0,181.1891924788967,46.1891924788967
2005-03-20 17:00:00,187.0,715.0,232.98260347559045,45.98260347559045
2005-03-20 18:00:00,240.0,660.0,281.1238168177273,41.12381681772729
2005-03-20 19:00:00,398.0,535.0,461.8569158480825,63.85691584808251
2005-03-20 20:00:00,585.0,492.0,541.5739326150753,43.42606738492475
2005-03-20 21:00:00,590.0,534.0,518.4191119780523,71.58088802194766
2005-03-20 22:00:00,295.0,679.0,298.6283378337452,3.6283378337452064
2005-03-20 23:00:00,209.0,711.0,265.756550408508,56.75655040850802
2005-03-21 00:00:00,183.0,697.0,283.41543743453667,100.41543743453667
2005-03-21 01:00:00,177.0,716.0,267.00141432792066,90.00141432792066
2005-03-21 02:00:00,126.0,794.0,206.4233720377938,80.4233720377938
2005-03-21 03:00:00,100.0,845.0,172.99593726100477,72.99593726100477
2005-03-21 04:00:00,83.0,902.0,143.88334706880568,60.883347068805676
2005-03-21 05:00:00,84.0,944.0,148.88395412921585,64.88395412921585
2005-03-21 06:00:00,113.0,831.0,187.84860482492877,74.84860482492877
2005-03-21 07:00:00,270.0,660.0,313.7383702149296,43.7383702149296
2005-03-21 08:00:00,487.0,459.0,592.9633794054132,105.9633794054132
2005-03-21 09:00:00,723.0,345.0,724.5407932507851,1.5407932507851
2005-03-21 10:00:00,614.0,487.0,588.7576879050653,25.242312094934732
2005-03-21 11:00:00,395.0,545.0,434.2530802441411,39.253080244141074
2005-03-21 12:00:00,310.0,621.0,337.68412580030775,27.684125800307754
2005-03-21 13:00:00,259.0,636.0,289.616246868094,30.61624686809398
2005-03-21 14:00:00,251.0,571.0,328.07142544726173,77.07142544726173
2005-03-21 15:00:00,261.0,616.0,293.13391382820964,32.13391382820964
2005-03-21 16:00:00,241.0,594.0,314.2670790356158,73.26707903561578
2005-03-21 17:00:00,317.0,539.0,393.3713742792345,76.37137427923449
2005-03-21 18:00:00,505.0,425.0,590.4617764897091,85.46177648970911
2005-03-21 19:00:00,669.0,367.0,727.9244216339614,58.9244216339614
2005-03-21 20:00:00,638.0,392.0,721.8805940450839,83.88059404508385
2005-03-21 21:00:00,433.0,498.0,528.2877666587303,95.28776665873033
2005-03-21 22:00:00,252.0,604.0,398.07416743996663,146.07416743996663
2005-03-21 23:00:00,154.0,735.0,262.86859841558044,108.86859841558044
2005-03-22 00:00:00,152.0,696.0,263.47654898349754,111.47654898349754
2005-03-22 01:00:00,181.0,682.0,309.2654589211606,128.2654589211606
2005-03-22 02:00:00,109.0,847.0,192.3123061986753,83.31230619867529
2005-03-22 03:00:00,73.0,964.0,144.09260643998442,71.09260643998442
2005-03-22 04:00:00,83.0,1069.0,124.19116673894109,41.19116673894109
2005-03-22 05:00:00,90.0,1001.0,141.68034491903683,51.68034491903683
2005-03-22 06:00:00,151.0,905.0,181.4790241634533,30.47902416345329
2005-03-22 07:00:00,191.0,816.0,228.05419483967296,37.05419483967296
2005-03-22 08:00:00,403.0,536.0,457.84435654392917,54.844356543929166
2005-03-22 09:00:00,555.0,381.0,696.2385049428626,141.23850494286262
2005-03-22 10:00:00,551.0,446.0,656.101648177952,105.10164817795203
2005-03-22 11:00:00,473.0,477.0,618.6803075739094,145.68030757390943
2005-03-22 12:00:00,388.0,475.0,566.7927667096133,178.79276670961326
2005-03-22 13:00:00,296.0,525.0,461.6163714324214,165.61637143242137
2005-03-22 14:00:00,283.0,522.0,440.0878286902931,157.08782869029312
2005-03-22 15:00:00,256.0,599.0,328.7899621189719,72.78996211897191
2005-03-22 16:00:00,234.0,629.0,281.90019274545875,47.90019274545875
2005-03-22 17:00:00,215.0,633.0,278.23078780645494,63.23078780645494
2005-03-22 18:00:00,454.0,447.0,568.9013777024193,114.90137770241927
2005-03-22 19:00:00,605.0,418.0,673.5562794926742,68.55627949267421
2005-03-22 20:00:00,529.0,428.0,655.0037801180432,126.00378011804321
2005-03-22 21:00:00,354.0,545.0,464.821110069821,110.82111006982097
2005-03-22 22:00:00,195.0,636.0,302.0040573686658,107.00405736866583
2005-03-22 23:00:00,161.0,645.0,305.4241787285715,144.42417872857152
2005-03-23 00:00:00,187.0,656.0,332.74106332590543,145.74106332590543
2005-03-23 01:00:00,156.0,782.0,212.38062739262804,56.38062739262804
2005-03-23 02:00:00,116.0,769.0,227.20236312764854,111.20236312764854
2005-03-23 03:00:00,83.0,827.0,180.44716057563863,97.44716057563863
2005-03-23 04:00:00,85.0,848.0,182.23688422972367,97.23688422972367
2005-03-23 05:00:00,78.0,891.0,161.18357331914757,83.18357331914757
2005-03-23 06:00:00,127.0,761.0,228.11245421799964,101.11245421799964
2005-03-23 07:00:00,279.0,646.0,338.1982016777438,59.19820167774378
2005-03-23 08:00:00,649.0,396.0,693.8400129396584,44.840012939658436
2005-03-23 09:00:00,593.0,360.0,737.4777715200923,144.47777152009235
2005-03-23 10:00:00,584.0,419.0,718.9753054749542,134.9753054749542
2005-03-23 11:00:00,563.0,474.0,675.5933564178367,112.59335641783673
2005-03-23 12:00:00,337.0,596.0,395.22252906375564,58.222529063755644
2005-03-23 13:00:00,272.0,578.0,384.7263930800244,112.72639308002442
2005-03-23 14:00:00,322.0,570.0,397.1277250515709,75.1277250515709
2005-03-23 15:00:00,362.0,582.0,409.67258565876875,47.67258565876875
2005-03-23 16:00:00,361.0,564.0,437.8621643454143,76.86216434541433
2005-03-23 17:00:00,431.0,558.0,496.1751703671601,65.17517036716009
2005-03-23 18:00:00,545.0,440.0,678.5298315195764,133.52983151957642
2005-03-23 19:00:00,796.0,374.0,811.4585416293618,15.458541629361775
2005-03-23 20:00:00,874.0,366.0,887.6998376615661,13.699837661566107
2005-03-23 21:00:00,551.0,464.0,740.781510567025,189.78151056702495
2005-03-23 22:00:00,393.0,536.0,593.3530129618715,200.3530129618715
2005-03-23 23:00:00,369.0,502.0,646.0786999210345,277.0786999210345
2005-03-24 00:00:00,314.0,559.0,539.4278849259753,225.42788492597526
2005-03-24 01:00:00,294.0,590.0,484.98632398369455,190.98632398369455
2005-03-24 02:00:00,165.0,746.0,318.0822994700429,153.08229947004293
2005-03-24 03:00:00,143.0,791.0,272.1414675140667,129.14146751406668
2005-03-24 04:00:00,93.0,889.0,215.7411517400932,122.74115174009319
2005-03-24 05:00:00,111.0,878.0,221.90880257046172,110.90880257046172
2005-03-24 06:00:00,105.0,884.0,208.31961127044252,103.31961127044252
2005-03-24 07:00:00,173.0,727.0,315.3906463847565,142.3906463847565
2005-03-24 08:00:00,541.0,444.0,636.6139029730099,95.61390297300989
2005-03-24 09:00:00,581.0,469.0,630.4638450855717,49.463845085571734
2005-03-24 10:00:00,591.0,434.0,725.1114557579425,134.1114557579425
2005-03-24 11:00:00,653.0,469.0,736.1054498057902,83.10544980579016
2005-03-24 12:00:00,690.0,413.0,739.8499612338722,49.84996123387225
2005-03-24 13:00:00,602.0,410.0,775.7724131943028,173.77241319430277
2005-03-24 14:00:00,489.0,476.0,660.3814640210035,171.38146402100347
2005-03-24 15:00:00,288.0,563.0,436.3601610101903,148.36016101019032
2005-03-24 16:00:00,323.0,543.0,467.74495565798134,144.74495565798134
2005-03-24 17:00:00,301.0,557.0,410.873064669556,109.87306466955602
2005-03-24 18:00:00,335.0,505.0,495.92018290778293,160.92018290778293
2005-03-24 19:00:00,659.0,359.0,784.877371325688,125.87737132568805
2005-03-24 20:00:00,847.0,330.0,863.6332689478922,16.633268947892248
2005-03-24 21:00:00,691.0,383.0,822.9691758833176,131.96917588331758
2005-03-24 22:00:00,590.0,424.0,750.9939882664254,160.9939882664254
2005-03-24 23:00:00,449.0,496.0,609.02820026854,160.02820026854
2005-03-25 00:00:00,316.0,542.0,510.75948986597416,194.75948986597416
2005-03-25 01:00:00,239.0,622.0,371.57311769652125,132.57311769652125
2005-03-25 02:00:00,165.0,727.0,271.75418389884277,106.75418389884277
2005-03-25 03:00:00,152.0,714.0,262.71812406461925,110.71812406461925
2005-03-25 04:00:00,144.0,714.0,245.32592639080292,101.32592639080292
2005-03-25 05:00:00,126.0,754.0,216.09906574169852,90.09906574169852
2005-03-25 06:00:00,132.0,858.0,157.73084796988945,25.730847969889453
2005-03-25 07:00:00,228.0,705.0,257.32609655671996,29.32609655671996
2005-03-25 08:00:00,580.0,437.0,559.5862658941257,20.413734105874255
2005-03-25 09:00:00,564.0,384.0,623.1001053160849,59.100105316084864
2005-03-25 10:00:00,369.0,526.0,472.235399147211,103.23539914721101
2005-03-25 11:00:00,260.0,579.0,399.78238949177467,139.78238949177467
2005-03-25 12:00:00,371.0,503.0,491.0753668001288,120.07536680012879
2005-03-25 13:00:00,513.0,462.0,566.5992222712881,53.59922227128811
2005-03-25 14:00:00,471.0,474.0,540.9643404057648,69.9643404057648
2005-03-25 15:00:00,378.0,502.0,483.8405600738226,105.84056007382259
2005-03-25 16:00:00,445.0,471.0,517.2397858176536,72.23978581765357
2005-03-25 17:00:00,483.0,468.0,556.0061168559631,73.00611685596311
2005-03-25 18:00:00,530.0,417.0,633.961921630872,103.96192163087198
2005-03-25 19:00:00,649.0,397.0,684.9481773820976,35.94817738209758
2005-03-25 20:00:00,604.0,420.0,646.6735542996196,42.67355429961958
2005-03-25 21:00:00,486.0,466.0,591.3270677019134,105.32706770191339
2005-03-25 22:00:00,402.0,486.0,562.6796503655237,160.67965036552368
2005-03-25 23:00:00,268.0,550.0,464.50656777318136,196.50656777318136
2005-03-26 00:00:00,350.0,504.0,533.8436767120709,183.84367671207087
2005-03-26 01:00:00,312.0,527.0,508.77430353764686,196.77430353764686
2005-03-26 02:00:00,243.0,601.0,416.526988386589,173.52698838658898
2005-03-26 03:00:00,202.0,622.0,357.82566157840677,155.82566157840677
2005-03-26 04:00:00,181.0,641.0,328.9613543109375,147.9613543109375
2005-03-26 05:00:00,139.0,663.0,321.39417016533463,182.39417016533463
2005-03-26 06:00:00,156.0,672.0,323.1727847781243,167.1727847781243
2005-03-26 07:00:00,175.0,651.0,327.1200859614127,152.1200859614127
2005-03-26 08:00:00,281.0,565.0,401.20869329847557,120.20869329847557
2005-03-26 09:00:00,322.0,513.0,497.18440272582535,175.18440272582535
2005-03-26 10:00:00,369.0,510.0,531.734699303398,162.73469930339797
2005-03-26 11:00:00,366.0,541.0,494.7851960905388,128.78519609053882
2005-03-26 12:00:00,301.0,579.0,404.50263578308716,103.50263578308716
2005-03-26 13:00:00,232.0,623.0,318.3112382583128,86.31123825831281
2005-03-26 14:00:00,156.0,711.0,231.66674308971136,75.66674308971136
2005-03-26 15:00:00,169.0,616.0,311.8456348143819,142.84563481438192
2005-03-26 16:00:00,203.0,611.0,327.49629227763637,124.49629227763637
2005-03-26 17:00:00,260.0,553.0,379.57850419570383,119.57850419570383
2005-03-26 18:00:00,289.0,559.0,352.222263259776,63.222263259776014
2005-03-26 19:00:00,273.0,553.0,353.2970423721961,80.29704237219607
2005-03-26 20:00:00,263.0,604.0,337.37297256629,74.37297256629
2005-03-26 21:00:00,295.0,564.0,397.8701798854687,102.8701798854687
2005-03-26 22:00:00,303.0,553.0,425.63788177132926,122.63788177132926
2005-03-26 23:00:00,209.0,625.0,336.14608919588665,127.14608919588665
2005-03-27 00:00:00,200.0,632.0,346.11154709007167,146.11154709007167
2005-03-27 01:00:00,174.0,724.0,266.7355081731593,92.7355081731593
2005-03-27 02:00:00,115.0,791.0,208.6260956917726,93.6260956917726
2005-03-27 03:00:00,122.0,740.0,234.00577955696792,112.00577955696792
2005-03-27 04:00:00,105.0,778.0,200.45823694587676,95.45823694587676
2005-03-27 05:00:00,102.0,852.0,180.35274083803716,78.35274083803716
2005-03-27 06:00:00,96.0,878.0,176.7852138113073,80.7852138113073
2005-03-27 07:00:00,144.0,697.0,262.024763159709,118.02476315970898
2005-03-27 08:00:00,152.0,725.0,241.9904336968474,89.99043369684739
2005-03-27 09:00:00,156.0,692.0,250.41608628534732,94.41608628534732
2005-03-27 10:00:00,208.0,672.0,266.3101987566906,58.310198756690625
2005-03-27 11:00:00,174.0,680.0,281.36814912325735,107.36814912325735
2005-03-27 12:00:00,206.0,677.0,298.3879835079449,92.38798350794491
2005-03-27 13:00:00,160.0,759.0,214.6916456807374,54.691645680737395
2005-03-27 14:00:00,91.0,820.0,146.23696148258966,55.23696148258966
2005-03-27 15:00:00,106.0,862.0,130.55572746530896,24.555727465308962
2005-03-27 16:00:00,199.0,797.0,172.5128119583922,26.487188041607794
2005-03-27 17:00:00,299.0,713.0,226.6329881374577,72.36701186254231
2005-03-27 18:00:00,272.0,712.0,232.22896550684152,39.77103449315848
2005-03-27 19:00:00,285.0,652.0,280.6069989458679,4.393001054132128
2005-03-27 20:00:00,307.0,627.0,306.5747796393922,0.42522036060779556
2005-03-27 21:00:00,237.0,637.0,292.16100655294656,55.16100655294656
2005-03-27 22:00:00,244.0,650.0,298.59915902125596,54.59915902125596
2005-03-27 23:00:00,284.0,658.0,286.0084442416692,2.008444241669224
2005-03-28 00:00:00,221.0,722.0,235.8041982130046,14.80419821300461
2005-03-28 01:00:00,173.0,803.0,182.3569717902327,9.356971790232706
2005-03-28 02:00:00,144.0,821.0,169.1982343386107,25.19823433861069
2005-03-28 03:00:00,117.0,829.0,162.6415645182306,45.64156451823061
2005-03-28 04:00:00,89.0,905.0,124.9788840924399,35.9788840924399
2005-03-28 05:00:00,97.0,955.0,110.46857969202523,13.46857969202523
2005-03-28 06:00:00,95.0,937.0,121.17974656200698,26.179746562006983
2005-03-28 07:00:00,166.0,815.0,181.3754756583627,15.375475658362689
2005-03-28 08:00:00,160.0,798.0,194.15537536591853,34.15537536591853
2005-03-28 09:00:00,176.0,700.0,243.2132074474386,67.2132074474386
2005-03-28 10:00:00,216.0,690.0,251.50370160371216,35.50370160371216
2005-03-28 11:00:00,220.0,692.0,262.15709979758674,42.15709979758674
2005-03-28 12:00:00,183.0,746.0,218.85630390358415,35.85630390358415
2005-03-28 13:00:00,154.0,800.0,172.45618421236816,18.456184212368157
2005-03-28 14:00:00,132.0,736.0,181.72625552877844,49.72625552877844
2005-03-28 15:00:00,140.0,764.0,176.77798694546738,36.777986945467376
2005-03-28 16:00:00,186.0,789.0,170.08943952751002,15.910560472489976
2005-03-28 17:00:00,213.0,704.0,236.9512256701218,23.9512256701218
2005-03-28 18:00:00,376.0,589.0,362.12798927130393,13.872010728696068
2005-03-28 19:00:00,508.0,554.0,429.1889556503117,78.8110443496883
2005-03-28 20:00:00,388.0,600.0,351.7608992742915,36.23910072570851
2005-03-28 21:00:00,250.0,660.0,282.48859750470774,32.48859750470774
2005-03-28 22:00:00,232.0,669.0,305.75207763903,73.75207763903
2005-03-28 23:00:00,229.0,677.0,290.2516182554047,61.25161825540471
2005-03-29 00:00:00,184.0,692.0,279.25538743602766,95.25538743602766
2005-03-29 01:00:00,117.0,834.0,190.91238937316012,73.91238937316012
2005-03-29 02:00:00,103.0,908.0,155.41291168630306,52.41291168630306
2005-03-29 03:00:00,66.0,1117.0,91.35417931632679,25.354179316326793
2005-03-29 04:00:00,63.0,997.0,116.0639937996952,53.0639937996952
2005-03-29 05:00:00,95.0,956.0,131.00598411100685,36.00598411100685
2005-03-29 06:00:00,188.0,738.0,232.08824410008546,44.08824410008546
2005-03-29 07:00:00,527.0,472.0,487.00112127343556,39.99887872656444
2005-03-29 08:00:00,623.0,370.0,602.7571479369196,20.242852063080363
2005-03-29 09:00:00,606.0,434.0,584.7959864424619,21.204013557538133
2005-03-29 10:00:00,460.0,489.0,542.4595547558299,82.45955475582991
2005-03-29 11:00:00,346.0,567.0,390.37914837538983,44.37914837538983
2005-03-29 12:00:00,296.0,519.0,362.57675630397665,66.57675630397665
2005-03-29 13:00:00,321.0,530.0,363.6953569598621,42.695356959862124
2005-03-29 14:00:00,312.0,523.0,392.3410843909056,80.34108439090562
2005-03-29 15:00:00,355.0,508.0,402.7517602363104,47.75176023631042
2005-03-29 16:00:00,349.0,509.0,425.8427648446401,76.8427648446401
2005-03-29 17:00:00,385.0,457.0,494.6456840170591,109.64568401705912
2005-03-29 18:00:00,456.0,474.0,509.082631165717,53.082631165716975
2005-03-29 19:00:00,306.0,502.0,452.37484040210813,146.37484040210813
2005-03-29 20:00:00,402.0,498.0,476.72100870979324,74.72100870979324
2005-03-29 21:00:00,340.0,591.0,363.5058261146662,23.505826114666206
2005-03-29 22:00:00,206.0,740.0,245.86830676822677,39.86830676822677
2005-03-29 23:00:00,158.0,745.0,245.21440015132927,87.21440015132927
2005-03-30 00:00:00,178.0,721.0,253.70265212793134,75.70265212793134
2005-03-30 01:00:00,118.0,829.0,186.93248439881427,68.93248439881427
2005-03-30 02:00:00,95.0,885.0,170.39402466743928,75.39402466743928
2005-03-30 03:00:00,84.0,1108.0,102.17113890343865,18.171138903438646
2005-03-30 04:00:00,82.0,1045.0,121.59578066116063,39.59578066116063
2005-03-30 05:00:00,122.0,933.0,153.47021851421317,31.470218514213173
2005-03-30 06:00:00,146.0,801.0,197.89284609237583,51.892846092375834
2005-03-30 07:00:00,397.0,532.0,414.55035254134225,17.55035254134225
2005-03-30 08:00:00,371.0,503.0,445.68185947694894,74.68185947694894
2005-03-30 09:00:00,454.0,489.0,511.1911694007509,57.19116940075088
2005-03-30 10:00:00,433.0,534.0,427.66702065838905,5.332979341610951
2005-03-30 11:00:00,287.0,629.0,311.8241794518108,24.824179451810778
2005-03-30 12:00:00,265.0,594.0,330.17446265099926,65.17446265099926
2005-03-30 13:00:00,225.0,629.0,265.4118118997419,40.411811899741906
2005-03-30 14:00:00,210.0,609.0,257.26536536775103,47.26536536775103
2005-03-30 15:00:00,215.0,633.0,244.38061925921141,29.380619259211414
2005-03-30 16:00:00,227.0,623.0,272.42402176692246,45.424021766922465
2005-03-30 17:00:00,403.0,493.0,447.3456373164714,44.345637316471425
2005-03-30 18:00:00,444.0,476.0,488.1807205986611,44.18072059866108
2005-03-30 19:00:00,475.0,451.0,558.9808093371255,83.98080933712549
2005-03-30 20:00:00,438.0,505.0,659.2137281881843,221.2137281881843
2005-03-30 21:00:00,254.0,608.0,419.67203467197874,165.67203467197874
2005-03-30 22:00:00,172.0,689.0,301.220826674058,129.220826674058
2005-03-30 23:00:00,174.0,661.0,311.5995597988722,137.59955979887218
2005-03-31 00:00:00,146.0,729.0,244.64697292906413,98.64697292906413
2005-03-31 01:00:00,134.0,757.0,234.10786520255795,100.10786520255795
2005-03-31 02:00:00,83.0,874.0,164.20102255141268,81.20102255141268
2005-03-31 03:00:00,81.0,942.0,143.16865395190877,62.168653951908766
2005-03-31 04:00:00,73.0,965.0,129.68595498310276,56.68595498310276
2005-03-31 05:00:00,104.0,876.0,164.63603764770744,60.63603764770744
2005-03-31 06:00:00,191.0,681.0,287.7549577819465,96.75495778194647
2005-03-31 07:00:00,673.0,407.0,640.1348552185127,32.86514478148729
2005-03-31 08:00:00,547.0,567.0,435.74890178345197,111.25109821654803
2005-03-31 09:00:00,275.0,692.0,294.8453846602302,19.845384660230195
2005-03-31 10:00:00,200.0,773.0,212.25417434415533,12.25417434415533
2005-03-31 11:00:00,185.0,810.0,181.8491041795432,3.1508958204568103
2005-03-31 12:00:00,164.0,808.0,166.72248789645806,2.7224878964580626
2005-03-31 13:00:00,150.0,833.0,154.31591622146203,4.315916221462032
2005-03-31 14:00:00,134.0,913.0,129.92863412592038,4.071365874079618
2005-03-31 15:00:00,128.0,857.0,148.03245675545128,20.03245675545128
2005-03-31 16:00:00,150.0,849.0,153.38991013776808,3.3899101377680836
2005-03-31 17:00:00,171.0,713.0,212.9236368993347,41.923636899334696
2005-03-31 18:00:00,204.0,682.0,244.54142545848902,40.541425458489016
2005-03-31 19:00:00,215.0,647.0,268.57088562865533,53.57088562865533
2005-03-31 20:00:00,156.0,787.0,185.29498561593053,29.29498561593053
2005-03-31 21:00:00,114.0,944.0,132.23853761349636,18.238537613496362
2005-03-31 22:00:00,81.0,1015.0,110.61120283486781,29.61120283486781
2005-03-31 23:00:00,83.0,975.0,116.48883880270415,33.48883880270415
2005-04-01 00:00:00,69.0,1067.0,95.15827890475583,26.158278904755832
2005-04-01 01:00:00,53.0,1198.0,75.9012020933065,22.901202093306495
2005-04-01 02:00:00,36.0,1126.0,88.92261230637354,52.92261230637354
2005-04-01 03:00:00,30.0,1187.0,73.76718597023302,43.767185970233015
2005-04-01 04:00:00,47.0,1257.0,65.20649993443544,18.206499934435442
2005-04-01 05:00:00,88.0,1136.0,89.33361905809784,1.3336190580978382
2005-04-01 06:00:00,135.0,993.0,127.79387318231926,7.20612681768074
2005-04-01 07:00:00,280.0,710.0,271.6813216229821,8.318678377017875
2005-04-01 08:00:00,313.0,705.0,267.3373212315647,45.662678768435285
2005-04-01 09:00:00,205.0,799.0,196.8054425822781,8.19455741772191
2005-04-01 10:00:00,180.0,851.0,175.72883518585888,4.271164814141116
2005-04-01 11:00:00,197.0,870.0,166.64092830864325,30.359071691356746
2005-04-01 12:00:00,172.0,853.0,166.87491082600735,5.125089173992649
2005-04-01 13:00:00,184.0,834.0,173.7478520599035,10.252147940096506
2005-04-01 14:00:00,160.0,923.0,144.3275302460765,15.672469753923508
2005-04-01 15:00:00,176.0,908.0,149.57003547196842,26.429964528031576
2005-04-01 16:00:00,219.0,890.0,161.00164557818897,57.99835442181103
2005-04-01 17:00:00,222.0,856.0,182.87847037207138,39.12152962792862
2005-04-01 18:00:00,231.0,812.0,197.97871012091184,33.02128987908816
2005-04-01 19:00:00,248.0,747.0,243.93178151998995,4.068218480010046
2005-04-01 20:00:00,183.0,906.0,170.46172620588612,12.538273794113877
2005-04-01 21:00:00,144.0,1070.0,126.42408411638871,17.575915883611287
2005-04-01 22:00:00,132.0,1072.0,123.72281747289747,8.277182527102525
2005-04-01 23:00:00,180.0,955.0,170.45164435621854,9.548355643781463
2005-04-02 00:00:00,280.0,802.0,265.85260883038745,14.147391169612547
2005-04-02 01:00:00,167.0,1055.0,141.48998385096957,25.510016149030434
2005-04-02 02:00:00,102.0,1111.0,115.37179379238518,13.371793792385176
2005-04-02 03:00:00,92.0,1137.0,105.21431738385616,13.214317383856155
2005-04-02 04:00:00,63.0,1223.0,91.06534138532311,28.06534138532311
2005-04-02 05:00:00,59.0,1140.0,100.65281129253202,41.65281129253202
2005-04-02 06:00:00,163.0,999.0,155.70395478883302,7.296045211166984
2005-04-02 07:00:00,227.0,898.0,199.06046325351411,27.939536746485885
2005-04-02 08:00:00,183.0,933.0,167.36288430551582,15.63711569448418
2005-04-02 09:00:00,145.0,955.0,152.6262267747848,7.626226774784811
2005-04-02 10:00:00,150.0,952.0,151.1263227961441,1.126322796144109
2005-04-02 11:00:00,138.0,993.0,136.92722528719202,1.072774712807984
2005-04-02 12:00:00,134.0,1019.0,128.51686776633738,5.483132233662616
2005-04-02 13:00:00,137.0,986.0,137.13973203444527,0.1397320344452737
2005-04-02 14:00:00,112.0,1022.0,124.5372520956737,12.537252095673693
2005-04-02 15:00:00,112.0,1008.0,128.33151816768327,16.33151816768327
2005-04-02 16:00:00,149.0,971.0,141.41674712288608,7.583252877113921
2005-04-02 17:00:00,159.0,906.0,160.95529518352907,1.9552951835290742
2005-04-02 18:00:00,161.0,858.0,178.35746876841876,17.357468768418755
2005-04-02 19:00:00,171.0,866.0,180.38634258044505,9.386342580445046
2005-04-02 20:00:00,167.0,904.0,168.30576293969114,1.3057629396911352
2005-04-02 21:00:00,116.0,1021.0,129.4308663848994,13.430866384899389
2005-04-02 22:00:00,105.0,1031.0,125.73916029691463,20.739160296914633
2005-04-02 23:00:00,125.0,1012.0,138.06793827919404,13.067938279194038
2005-04-03 00:00:00,140.0,953.0,161.1426665171445,21.142666517144505
2005-04-03 01:00:00,109.0,895.0,194.9385452661739,85.93854526617389
2005-04-03 02:00:00,99.0,882.0,197.89538619722492,98.89538619722492
2005-04-03 03:00:00,120.0,861.0,214.33833625142398,94.33833625142398
2005-04-03 04:00:00,83.0,955.0,151.7892305149001,68.78923051490011
2005-04-03 05:00:00,60.0,1118.0,105.4858913226227,45.485891322622706
2005-04-03 06:00:00,75.0,1072.0,121.92748028813816,46.927480288138156
2005-04-03 07:00:00,127.0,978.0,161.52232508818992,34.522325088189916
2005-04-03 08:00:00,134.0,911.0,199.32353541639242,65.32353541639242
2005-04-03 09:00:00,192.0,806.0,252.7069782375923,60.706978237592295
2005-04-03 10:00:00,166.0,888.0,190.75993494602938,24.759934946029375
2005-04-03 11:00:00,171.0,805.0,207.72602459745332,36.72602459745332
2005-04-03 12:00:00,177.0,806.0,208.23478202314521,31.234782023145215
2005-04-03 13:00:00,119.0,926.0,151.44039282311758,32.44039282311758
2005-04-03 14:00:00,121.0,899.0,159.1763439705045,38.17634397050449
2005-04-03 15:00:00,142.0,857.0,183.8649174424633,41.86491744246331
2005-04-03 16:00:00,197.0,867.0,190.06065904608812,6.939340953911881
2005-04-03 17:00:00,242.0,872.0,198.54105096404885,43.45894903595115
2005-04-03 18:00:00,190.0,851.0,196.08705548595333,6.087055485953329
2005-04-03 19:00:00,367.0,599.0,409.91539288825754,42.91539288825754
2005-04-03 20:00:00,355.0,636.0,458.60839606515606,103.60839606515606
2005-04-03 21:00:00,235.0,693.0,323.03778288715336,88.03778288715336
2005-04-03 22:00:00,233.0,696.0,330.2655901791565,97.2655901791565
2005-04-03 23:00:00,170.0,722.0,320.7755661066918,150.77556610669183
2005-04-04 00:00:00,117.0,801.0,231.28132530716923,114.28132530716923
2005-04-04 01:00:00,70.0,925.0,158.33045463940567,88.33045463940567
2005-04-04 02:00:00,69.0,959.0,141.31375104248298,72.31375104248298
2005-04-04 03:00:00,62.0,1047.0,122.5040325595682,60.5040325595682
2005-04-04 04:00:00,52.0,1116.0,102.20809660591163,50.208096605911635
2005-04-04 05:00:00,77.0,1077.0,120.18084770129627,43.18084770129627
2005-04-04 06:00:00,182.0,760.0,257.4020988028942,75.40209880289422
2005-04-04 07:00:00,594.0,470.0,541.7967817542045,52.20321824579548
2005-04-04 08:00:00,586.0,415.0,644.089843770489,58.08984377048898
2005-04-04 09:00:00,523.0,507.0,598.6900890890408,75.69008908904084
2005-04-04 10:00:00,472.0,539.0,628.670979851399,156.670979851399
2005-04-04 11:00:00,353.0,604.0,420.4015496545185,67.40154965451848
2005-04-04 12:00:00,293.0,603.0,368.0207642536863,75.02076425368631
2005-04-04 13:00:00,235.0,702.0,258.99934428324724,23.99934428324724
2005-04-04 14:00:00,265.0,654.0,281.48760190630804,16.487601906308043
