datetime,y_true,raw_sensor_value,y_pred_calibrated,absolute_error
2005-01-28 12:00:00,1.8,970.0,1.4481601607812171,0.3518398392187829
2005-01-28 13:00:00,1.4,943.0,1.0096091883737572,0.3903908116262427
2005-01-28 14:00:00,2.1,994.0,1.397668714837929,0.7023312851620711
2005-01-28 15:00:00,1.6,932.0,0.9414937657141319,0.6585062342858682
2005-01-28 16:00:00,1.3,891.0,0.7086957244444073,0.5913042755555927
2005-01-29 02:00:00,0.7,793.0,0.6643560869230822,0.03564391307691772
2005-01-29 03:00:00,0.6,790.0,0.5695595686976194,0.03044043130238061
2005-01-29 04:00:00,0.5,776.0,0.5109359338271584,0.010935933827158406
2005-01-29 05:00:00,0.5,766.0,0.4965955509602017,0.0034044490397983074
2005-01-29 06:00:00,0.4,774.0,0.5107987691165383,0.1107987691165383
2005-01-29 07:00:00,0.5,801.0,0.5527261279641181,0.05272612796411813
2005-01-29 08:00:00,0.8,847.0,0.6067236530643666,0.19327634693563345
2005-01-29 09:00:00,1.1,874.0,0.47014697410368733,0.6298530258963128
2005-01-29 10:00:00,1.1,879.0,0.5170505984699635,0.5829494015300366
2005-01-29 11:00:00,1.1,888.0,0.564411635283974,0.5355883647160261
2005-01-29 12:00:00,1.1,873.0,0.5002820517379912,0.5997179482620089
2005-01-29 13:00:00,1.1,877.0,0.4613990422388651,0.638600957761135
2005-01-29 14:00:00,1.2,893.0,0.55621603768578,0.64378396231422
2005-01-29 15:00:00,1.0,866.0,0.4676332267152546,0.5323667732847455
2005-01-29 16:00:00,1.2,873.0,0.459786025079927,0.7402139749200729
2005-01-29 17:00:00,1.3,911.0,0.5507026944328529,0.7492973055671471
2005-01-29 18:00:00,1.4,908.0,0.614967878726186,0.7850321212738139
2005-01-29 19:00:00,1.3,907.0,0.6579863285322091,0.642013671467791
2005-01-29 20:00:00,1.4,925.0,0.7831114280918907,0.6168885719081092
2005-01-29 21:00:00,1.5,920.0,0.8281190746188873,0.6718809253811127
2005-01-29 22:00:00,1.0,865.0,0.6010149439969528,0.39898505600304723
2005-01-29 23:00:00,1.0,867.0,0.5949202126911279,0.40507978730887206
2005-01-30 00:00:00,1.1,900.0,1.0706107090644623,0.02938929093553777
2005-01-30 01:00:00,1.3,901.0,1.0214697745211392,0.27853022547886086
2005-01-30 02:00:00,1.0,863.0,0.7574231010081627,0.24257689899183732
2005-01-30 03:00:00,1.1,884.0,0.731102976610641,0.36889702338935904
2005-01-30 05:00:00,0.6,806.0,0.827536577253724,0.227536577253724
2005-01-30 06:00:00,0.5,801.0,0.780650002688941,0.280650002688941
2005-01-30 07:00:00,0.4,790.0,0.7680461667935449,0.36804616679354485
2005-01-30 08:00:00,0.5,805.0,0.8095724943896315,0.3095724943896315
2005-01-30 09:00:00,0.7,843.0,0.7611110030493395,0.061111003049339585
2005-01-30 10:00:00,0.8,849.0,0.7954080393259697,0.004591960674030338
2005-01-30 11:00:00,0.8,872.0,0.7596027120503468,0.04039728794965325
2005-01-30 12:00:00,1.0,890.0,0.8377316480708811,0.16226835192911893
2005-01-30 13:00:00,0.9,874.0,0.7006074123349944,0.19939258766500567
2005-01-30 14:00:00,0.9,863.0,1.0194445464461557,0.11944454644615565
2005-01-30 15:00:00,0.9,840.0,1.1405423700722574,0.24054237007225743
2005-01-30 16:00:00,1.0,845.0,1.124943404747718,0.12494340474771803
2005-01-30 17:00:00,1.0,888.0,1.094715412123177,0.09471541212317702
2005-01-30 18:00:00,1.1,845.0,1.017529549958567,0.08247045004143305
2005-01-30 19:00:00,1.2,880.0,1.0165481871480833,0.1834518128519167
2005-01-30 20:00:00,1.6,917.0,1.1833173894391995,0.4166826105608006
2005-01-30 21:00:00,1.7,927.0,1.2701599862314485,0.4298400137685514
2005-01-30 22:00:00,1.1,868.0,1.0173709246940896,0.08262907530591046
2005-01-30 23:00:00,1.3,932.0,1.0266861227371207,0.27331387726287937
2005-01-31 00:00:00,1.7,971.0,1.2246134570625733,0.47538654293742666
2005-01-31 01:00:00,1.5,891.0,0.8791947457738829,0.6208052542261171
2005-01-31 02:00:00,0.8,806.0,0.7308833670596105,0.0691166329403895
2005-01-31 03:00:00,0.5,787.0,0.6498271800500465,0.14982718005004647
2005-01-31 04:00:00,0.4,791.0,0.657637367916937,0.25763736791693703
2005-01-31 05:00:00,0.4,787.0,0.6437221695214517,0.24372216952145165
2005-01-31 06:00:00,0.4,814.0,0.6730844104893734,0.2730844104893734
2005-01-31 07:00:00,0.7,844.0,0.7828146846786089,0.08281468467860897
2005-01-31 08:00:00,1.8,1049.0,1.5826502918513274,0.2173497081486726
2005-01-31 10:00:00,3.5,1293.0,2.9545578194578437,0.5454421805421563
2005-01-31 11:00:00,2.8,1121.0,2.315814588743224,0.48418541125677583
2005-01-31 12:00:00,3.1,1112.0,2.266349843418708,0.8336501565812919
2005-01-31 13:00:00,2.5,1060.0,1.7414818700465555,0.7585181299534445
2005-01-31 14:00:00,2.7,1056.0,1.9124843296951288,0.7875156703048714
2005-01-31 15:00:00,2.9,1131.0,2.623142201771973,0.2768577982280269
2005-01-31 16:00:00,3.2,1162.0,2.9347977697006242,0.26520223029937595
2005-01-31 17:00:00,4.1,1283.0,3.695738670168007,0.4042613298319928
2005-01-31 18:00:00,6.1,1414.0,3.843417857852723,2.2565821421472765
2005-01-31 19:00:00,6.8,1486.0,4.758056163046428,2.041943836953572
2005-01-31 20:00:00,6.8,1523.0,5.10672469448492,1.6932753055150798
2005-01-31 21:00:00,3.7,1283.0,2.714988041926512,0.9850119580734882
2005-01-31 22:00:00,2.1,1109.0,1.4849937600410563,0.6150062399589438
2005-01-31 23:00:00,1.4,1055.0,1.371294949610256,0.028705050389743914
2005-02-01 00:00:00,1.3,1038.0,1.2349770661037593,0.0650229338962407
2005-02-01 01:00:00,1.1,996.0,1.055406152687224,0.04459384731277605
2005-02-01 02:00:00,1.0,995.0,0.9905739580696716,0.009426041930328366
2005-02-01 03:00:00,0.9,1000.0,0.9739159864779853,0.07391598647798525
2005-02-01 04:00:00,0.8,1042.0,1.2118523670437151,0.4118523670437151
2005-02-01 05:00:00,0.9,1042.0,1.2040891595834637,0.3040891595834637
2005-02-01 06:00:00,1.1,1024.0,1.1305842481217396,0.030584248121739543
2005-02-01 07:00:00,1.6,1147.0,1.8356116144481374,0.23561161444813727
2005-02-01 08:00:00,3.7,1496.0,3.8086785044884097,0.10867850448840954
2005-02-01 09:00:00,4.8,1541.0,5.26134979849452,0.4613497984945205
2005-02-01 10:00:00,4.1,1491.0,4.227248796273203,0.12724879627320362
2005-02-01 11:00:00,4.5,1533.0,4.91841503884099,0.4184150388409904
2005-02-01 12:00:00,4.5,1507.0,4.681404022646203,0.1814040226462028
2005-02-01 13:00:00,3.7,1451.0,4.242756409484501,0.5427564094845012
2005-02-01 14:00:00,4.2,1432.0,3.9282670034440565,0.27173299655594363
2005-02-01 15:00:00,3.3,1408.0,3.3518219775876954,0.05182197758769558
2005-02-01 16:00:00,3.2,1377.0,3.4897093449408283,0.2897093449408281
2005-02-01 17:00:00,3.6,1454.0,3.8959872900605546,0.29598729006055446
2005-02-01 18:00:00,3.5,1268.0,3.4471337905910358,0.05286620940896425
2005-02-01 19:00:00,4.1,1259.0,3.57535802640539,0.5246419735946097
2005-02-01 20:00:00,4.0,1261.0,3.3377678617948505,0.6622321382051495
2005-02-01 21:00:00,3.3,1133.0,2.4148907830174515,0.8851092169825483
2005-02-01 22:00:00,3.0,1054.0,1.3575654837862225,1.6424345162137775
2005-02-01 23:00:00,2.6,1055.0,1.4501331126026387,1.1498668873973614
2005-02-02 00:00:00,2.6,1059.0,1.3528056636850285,1.2471943363149716
2005-02-02 01:00:00,2.6,1063.0,1.4857421084915399,1.1142578915084602
2005-02-02 02:00:00,2.9,1135.0,1.7567483390866472,1.1432516609133527
2005-02-02 03:00:00,2.9,1126.0,1.8913378280000859,1.008662171999914
2005-02-02 04:00:00,2.5,1058.0,1.3034791787596824,1.1965208212403176
2005-02-02 05:00:00,2.0,1040.0,1.1743140079623582,0.8256859920376418
2005-02-02 06:00:00,2.2,1069.0,1.2726107458607354,0.9273892541392648
2005-02-02 07:00:00,2.4,1042.0,1.2911255263072352,1.1088744736927647
2005-02-02 08:00:00,4.0,1322.0,3.4649424206980517,0.5350575793019483
2005-02-02 09:00:00,6.7,1549.0,5.639300684082838,1.0606993159171623
2005-02-02 10:00:00,5.6,1416.0,3.8060103835571892,1.7939896164428104
2005-02-02 11:00:00,4.3,1337.0,3.783751105981166,0.5162488940188337
2005-02-02 12:00:00,4.0,1281.0,3.2130627468182693,0.7869372531817307
2005-02-02 13:00:00,2.6,1037.0,1.847862277654803,0.752137722345197
2005-02-02 14:00:00,2.2,1028.0,1.9521509651573263,0.24784903484267384
2005-02-02 15:00:00,1.9,984.0,1.8134260691727988,0.0865739308272011
2005-02-02 16:00:00,1.8,1010.0,1.8436535778083263,0.04365357780832624
2005-02-02 17:00:00,3.1,1113.0,2.8048793554915235,0.29512064450847664
2005-02-02 18:00:00,4.8,1253.0,3.887850274461451,0.9121497255385487
2005-02-02 19:00:00,5.8,1400.0,4.76977025524136,1.03022974475864
2005-02-02 20:00:00,5.9,1470.0,6.144706524022091,0.24470652402209048
2005-02-02 21:00:00,4.1,1281.0,3.0905401022242645,1.0094598977757352
2005-02-02 22:00:00,1.8,1084.0,1.5970663254856416,0.2029336745143584
2005-02-02 23:00:00,1.7,1097.0,1.608790535688503,0.0912094643114969
2005-02-03 00:00:00,1.7,1032.0,1.6510137612889622,0.0489862387110378
2005-02-03 01:00:00,1.5,1046.0,1.6573853336764361,0.15738533367643615
2005-02-03 02:00:00,1.1,975.0,1.3434914149741184,0.2434914149741183
2005-02-03 03:00:00,0.9,932.0,1.1786673619145989,0.27866736191459884
2005-02-03 05:00:00,0.3,932.0,1.0826801192935063,0.7826801192935062
2005-02-03 06:00:00,0.4,937.0,1.1348632626795139,0.7348632626795139
2005-02-03 07:00:00,0.6,996.0,1.2399760708014749,0.6399760708014749
2005-02-03 08:00:00,3.0,1382.0,4.128580170675218,1.1285801706752183
2005-02-03 09:00:00,5.6,1544.0,6.135246204888986,0.5352462048889866
2005-02-03 10:00:00,4.9,1429.0,4.2808309258704975,0.6191690741295028
2005-02-03 11:00:00,3.5,1312.0,3.5580356554285695,0.05803565542856948
2005-02-03 12:00:00,2.2,1205.0,2.667161591979585,0.46716159197958484
2005-02-03 13:00:00,2.7,1322.0,3.462764403595668,0.7627644035956678
2005-02-03 14:00:00,2.7,1301.0,3.31936377999485,0.6193637799948499
2005-02-03 15:00:00,2.1,1280.0,3.086804945922731,0.986804945922731
2005-02-03 16:00:00,2.0,1256.0,2.957189102255825,0.9571891022558252
2005-02-03 17:00:00,2.4,1358.0,3.58036195748049,1.18036195748049
2005-02-03 18:00:00,6.7,1713.0,6.505841399062868,0.1941586009371319
2005-02-03 19:00:00,6.4,1655.0,6.438264603130723,0.038264603130722996
2005-02-03 20:00:00,3.9,1444.0,3.480029663414602,0.41997033658539795
2005-02-03 21:00:00,2.7,1314.0,3.270712143309876,0.5707121433098759
2005-02-03 22:00:00,3.0,1368.0,3.4959118124087007,0.49591181240870075
2005-02-03 23:00:00,2.1,1195.0,2.454815584751537,0.35481558475153685
2005-02-04 00:00:00,1.2,1083.0,2.236617744560995,1.036617744560995
2005-02-04 01:00:00,1.2,1055.0,1.7500106795676569,0.5500106795676569
2005-02-04 02:00:00,0.7,973.0,1.4310716164327941,0.7310716164327942
2005-02-04 03:00:00,0.9,1039.0,1.5847508038134053,0.6847508038134053
2005-02-04 04:00:00,0.8,949.0,1.1263760235244054,0.3263760235244053
2005-02-04 05:00:00,0.4,920.0,1.0120480696180527,0.6120480696180527
2005-02-04 06:00:00,0.7,989.0,1.2901175971748118,0.5901175971748118
2005-02-04 07:00:00,1.4,1100.0,1.8074919855090987,0.4074919855090988
2005-02-04 08:00:00,4.0,1411.0,4.258890116047105,0.2588901160471053
2005-02-04 09:00:00,3.9,1328.0,4.293543681265214,0.3935436812652138
2005-02-04 10:00:00,3.1,1308.0,4.019710614506783,0.919710614506783
2005-02-04 11:00:00,3.2,1280.0,3.3822075174555524,0.1822075174555522
2005-02-04 12:00:00,1.5,1056.0,1.928094659842197,0.4280946598421971
2005-02-04 13:00:00,1.2,1019.0,1.3716799743136832,0.1716799743136832
2005-02-04 14:00:00,1.9,1084.0,1.9992168117480964,0.09921681174809649
2005-02-04 15:00:00,1.5,998.0,1.4356233794358375,0.06437662056416249
2005-02-04 16:00:00,1.4,987.0,1.3865905311006597,0.013409468899340249
2005-02-04 17:00:00,1.9,1079.0,2.046197142194534,0.14619714219453428
2005-02-04 18:00:00,2.2,1096.0,2.404575982354262,0.20457598235426167
2005-02-04 19:00:00,3.0,1146.0,3.180905289593039,0.18090528959303898
2005-02-04 20:00:00,2.6,1125.0,2.943183244630234,0.3431832446302341
2005-02-04 21:00:00,2.8,1130.0,2.442643116574084,0.35735688342591576
2005-02-04 22:00:00,1.6,1017.0,1.5223752095254102,0.07762479047458992
2005-02-04 23:00:00,1.3,1017.0,1.4779657545210723,0.17796575452107222
2005-02-05 00:00:00,1.6,1041.0,1.6851008028139873,0.08510080281398724
2005-02-05 01:00:00,1.5,1034.0,1.7097093310875489,0.20970933108754886
2005-02-05 02:00:00,1.3,1009.0,1.409265871736011,0.10926587173601088
2005-02-05 03:00:00,1.6,1105.0,1.8918634421612324,0.2918634421612323
2005-02-05 04:00:00,2.0,1084.0,1.6782960948626886,0.3217039051373114
2005-02-05 05:00:00,1.3,989.0,1.2836192560626858,0.016380743937314257
2005-02-05 06:00:00,0.9,1047.0,1.5158759636877768,0.6158759636877768
2005-02-05 07:00:00,1.4,1091.0,1.824864491737582,0.4248644917375821
2005-02-05 08:00:00,3.1,1263.0,2.761327984197665,0.3386720158023353
2005-02-05 09:00:00,4.1,1165.0,2.7962523424486307,1.303747657551369
2005-02-05 10:00:00,1.3,966.0,1.3736453929909875,0.07364539299098749
2005-02-05 11:00:00,0.9,927.0,1.2156480574075748,0.31564805740757473
2005-02-05 12:00:00,1.0,909.0,0.9803485236461674,0.019651476353832575
2005-02-05 13:00:00,1.0,941.0,1.0537665154385611,0.05376651543856115
2005-02-05 14:00:00,1.1,903.0,0.9975691915520497,0.10243080844795038
2005-02-05 15:00:00,0.8,891.0,0.8882370601431857,0.08823706014318566
2005-02-05 16:00:00,1.0,904.0,0.9204570750069504,0.0795429249930496
2005-02-05 17:00:00,0.9,900.0,0.9103229842625341,0.010322984262534085
2005-02-05 18:00:00,0.9,926.0,1.1839786169461317,0.2839786169461317
2005-02-05 19:00:00,1.6,999.0,1.626690869212707,0.026690869212706803
2005-02-05 20:00:00,1.4,994.0,1.5403712881684093,0.14037128816840938
2005-02-05 21:00:00,1.4,1010.0,1.6913822652019548,0.29138226520195487
2005-02-05 22:00:00,1.1,938.0,1.2566886093835243,0.15668860938352425
2005-02-05 23:00:00,1.2,983.0,1.4784077328855951,0.27840773288559517
2005-02-06 00:00:00,1.8,963.0,1.6204187410746904,0.17958125892530963
2005-02-06 01:00:00,1.4,962.0,1.6011900624705944,0.20119006247059446
2005-02-06 02:00:00,1.4,980.0,1.4764071077684897,0.0764071077684898
2005-02-06 03:00:00,0.9,914.0,1.0717380914555352,0.1717380914555352
2005-02-06 05:00:00,0.8,854.0,0.83869958830393,0.038699588303929944
2005-02-06 06:00:00,0.7,838.0,0.8331115811370038,0.13311158113700383
2005-02-06 07:00:00,0.7,831.0,1.0446575502880246,0.3446575502880247
2005-02-06 08:00:00,0.6,833.0,1.0775248809687799,0.4775248809687799
2005-02-06 09:00:00,0.8,870.0,1.1300010237495746,0.3300010237495745
2005-02-06 10:00:00,1.3,984.0,1.4047834163134152,0.10478341631341515
2005-02-06 11:00:00,2.0,1065.0,1.5961535075864235,0.4038464924135765
2005-02-06 12:00:00,1.7,968.0,1.240884786882972,0.45911521311702796
2005-02-06 13:00:00,1.2,911.0,1.0797391059431505,0.12026089405684948
2005-02-06 14:00:00,1.0,868.0,0.9119172057523132,0.08808279424768684
2005-02-06 15:00:00,0.8,868.0,0.7251128032437182,0.07488719675628186
2005-02-06 16:00:00,1.0,904.0,0.8496023745407884,0.15039762545921165
2005-02-06 17:00:00,1.4,944.0,1.14057762400144,0.2594223759985599
2005-02-06 18:00:00,1.1,925.0,0.9221892259154072,0.1778107740845929
2005-02-06 19:00:00,1.6,985.0,1.2884334039874459,0.3115665960125542
2005-02-06 20:00:00,1.8,1002.0,1.5830140015764365,0.2169859984235636
2005-02-06 21:00:00,1.4,938.0,1.2302179390994092,0.16978206090059067
2005-02-06 22:00:00,1.1,896.0,0.8013345250819746,0.29866547491802553
2005-02-06 23:00:00,1.0,907.0,0.8968128594563077,0.10318714054369227
2005-02-07 00:00:00,1.1,902.0,0.7056110894259803,0.3943889105740198
2005-02-07 01:00:00,1.0,885.0,0.7007973589286114,0.2992026410713886
2005-02-07 02:00:00,0.8,863.0,0.6317741419569504,0.16822585804304968
2005-02-07 03:00:00,0.6,861.0,0.603183669673752,0.0031836696737520542
2005-02-07 04:00:00,0.6,852.0,0.6028220446400196,0.002822044640019672
2005-02-07 05:00:00,0.6,879.0,0.4858723602059321,0.11412763979406787
2005-02-07 06:00:00,0.6,900.0,0.6153251377920506,0.01532513779205058
2005-02-07 07:00:00,0.8,963.0,0.8438566118054693,0.04385661180546929
2005-02-07 08:00:00,2.3,1183.0,2.575469411588123,0.2754694115881233
2005-02-07 09:00:00,2.8,1161.0,2.7298979649094166,0.07010203509058321
2005-02-07 10:00:00,2.1,1102.0,1.7633615895391082,0.33663841046089193
2005-02-07 11:00:00,1.7,1029.0,1.4103482127451852,0.2896517872548148
2005-02-07 12:00:00,1.4,973.0,1.3601512001393317,0.03984879986066825
2005-02-07 13:00:00,1.6,981.0,1.3367299614723163,0.2632700385276838
2005-02-07 14:00:00,1.4,960.0,1.1896871958944593,0.21031280410554065
2005-02-07 15:00:00,1.3,973.0,1.093677962383731,0.2063220376162691
2005-02-07 16:00:00,1.4,968.0,1.0928694728813573,0.30713052711864264
2005-02-07 17:00:00,1.7,1022.0,1.3854759597409385,0.31452404025906144
2005-02-07 18:00:00,1.9,1067.0,1.902329527884285,0.0023295278842851985
2005-02-07 19:00:00,2.3,1101.0,2.1528975027462023,0.14710249725379754
2005-02-07 20:00:00,2.0,1081.0,2.0017947026932164,0.0017947026932163546
2005-02-07 21:00:00,1.6,988.0,1.4340335356218659,0.16596646437813423
2005-02-07 22:00:00,1.0,932.0,0.8863157912419407,0.11368420875805929
2005-02-07 23:00:00,0.9,923.0,0.7557030743877516,0.14429692561224838
2005-02-08 00:00:00,0.9,915.0,0.7617577719526898,0.13824222804731023
2005-02-08 01:00:00,0.9,879.0,0.6105469643589808,0.2894530356410192
2005-02-08 02:00:00,0.5,852.0,0.3977295088374134,0.10227049116258657
2005-02-08 03:00:00,0.4,844.0,0.3549461631949913,0.04505383680500874
2005-02-08 04:00:00,0.5,878.0,0.3961734731622273,0.10382652683777271
2005-02-08 05:00:00,0.6,910.0,0.5177239486505651,0.08227605134943483
2005-02-08 06:00:00,0.6,918.0,0.6947936542467134,0.09479365424671338
2005-02-08 07:00:00,1.0,991.0,1.0360622367642063,0.03606223676420628
2005-02-08 08:00:00,2.1,1223.0,2.763184448777483,0.663184448777483
2005-02-08 09:00:00,2.9,1277.0,3.725253866206655,0.8252538662066553
2005-02-08 10:00:00,2.2,1114.0,1.9163817029487598,0.2836182970512404
2005-02-08 11:00:00,1.6,1088.0,1.5964519177533456,0.0035480822466544826
2005-02-08 12:00:00,1.8,1064.0,1.7485657921290358,0.0514342078709642
2005-02-08 13:00:00,1.5,1047.0,1.3997946338882674,0.10020536611173259
2005-02-08 14:00:00,2.2,1075.0,1.7197830732120634,0.4802169267879368
2005-02-08 15:00:00,1.6,973.0,1.1131397521646174,0.48686024783538273
2005-02-08 16:00:00,1.5,942.0,1.2873629915410587,0.2126370084589413
2005-02-11 21:00:00,4.0,1521.0,4.518994000579786,0.5189940005797862
2005-02-11 22:00:00,4.0,1428.0,3.3764794867820975,0.6235205132179025
2005-02-11 23:00:00,3.6,1463.0,3.6446587777431296,0.04465877774312954
2005-02-12 00:00:00,4.2,1494.0,3.7387159529615857,0.4612840470384145
2005-02-12 01:00:00,4.3,1462.0,3.3568341306025107,0.9431658693974891
2005-02-12 02:00:00,3.6,1326.0,2.7530317655248764,0.8469682344751237
2005-02-12 03:00:00,2.5,1185.0,2.145640447523839,0.3543595524761609
2005-02-12 05:00:00,1.4,1175.0,1.9508073217989204,0.5508073217989204
2005-02-12 06:00:00,1.4,1203.0,2.139934946072074,0.7399349460720739
2005-02-12 07:00:00,1.6,1250.0,2.4519704079998306,0.8519704079998305
2005-02-12 08:00:00,2.3,1321.0,3.086282282528745,0.7862822825287452
2005-02-12 09:00:00,2.4,1323.0,3.264015744656644,0.8640157446566441
2005-02-12 10:00:00,2.7,1381.0,3.3621399982934905,0.6621399982934904
2005-02-12 11:00:00,3.4,1480.0,3.1768289807809387,0.22317101921906124
2005-02-12 12:00:00,3.1,1485.0,3.345062149112428,0.24506214911242807
2005-02-12 13:00:00,3.6,1522.0,4.161730142347095,0.5617301423470953
2005-02-12 14:00:00,3.8,1570.0,4.261588150349293,0.4615881503492929
2005-02-12 15:00:00,3.3,1507.0,3.5741697625377005,0.27416976253770065
2005-02-12 16:00:00,3.4,1540.0,3.872252314638878,0.4722523146388782
2005-02-12 17:00:00,3.7,1556.0,4.373022914514453,0.6730229145144531
2005-02-12 18:00:00,4.6,1707.0,6.013050494453666,1.4130504944536666
2005-02-12 19:00:00,5.0,1766.0,6.19413439909128,1.19413439909128
2005-02-12 20:00:00,5.7,1846.0,6.613718535482147,0.9137185354821469
2005-02-12 21:00:00,5.2,1795.0,5.764808899873178,0.564808899873178
2005-02-12 22:00:00,5.0,1755.0,5.125530053470464,0.12553005347046398
2005-02-12 23:00:00,4.5,1738.0,4.907291415612377,0.40729141561237725
2005-02-13 00:00:00,4.1,1712.0,4.973560493662839,0.8735604936628389
2005-02-13 01:00:00,4.1,1751.0,5.199087440136215,1.0990874401362154
2005-02-13 02:00:00,3.1,1574.0,3.0395879041407707,0.06041209585922935
2005-02-13 03:00:00,2.7,1458.0,2.1079757106462718,0.5920242893537284
2005-02-13 04:00:00,2.8,1515.0,1.963293302930645,0.8367066970693549
2005-02-13 05:00:00,2.9,1491.0,1.9140314015186737,0.9859685984813262
2005-02-13 06:00:00,2.6,1453.0,1.8115123568379072,0.7884876431620929
2005-02-13 07:00:00,2.6,1443.0,1.7535775959128126,0.8464224040871875
2005-02-13 08:00:00,2.8,1473.0,2.2985082199760405,0.5014917800239593
2005-02-13 09:00:00,3.3,1548.0,3.2434647102544654,0.056535289745534456
2005-02-13 10:00:00,3.2,1586.0,3.2087610131793034,0.008761013179303223
2005-02-13 11:00:00,3.3,1488.0,2.417416291073841,0.882583708926159
2005-02-13 12:00:00,1.5,1220.0,1.924433565613798,0.4244335656137981
2005-02-13 13:00:00,1.2,1198.0,1.65947526107058,0.4594752610705801
2005-02-13 14:00:00,1.1,1168.0,1.690493597229071,0.590493597229071
2005-02-13 15:00:00,1.7,1149.0,1.6799770177519955,0.020022982248004473
2005-02-13 16:00:00,1.0,1052.0,1.3114113577824091,0.31141135778240914
2005-02-13 17:00:00,1.0,1053.0,1.3640757304074047,0.3640757304074047
2005-02-13 18:00:00,2.6,1238.0,2.687168265995613,0.08716826599561278
2005-02-13 19:00:00,2.5,1188.0,2.518109479146833,0.018109479146832808
2005-02-13 20:00:00,2.1,1150.0,2.2070511141798588,0.10705111417985869
2005-02-13 21:00:00,1.0,984.0,1.2201145671887883,0.2201145671887883
2005-02-13 22:00:00,1.3,1111.0,1.7036862079896242,0.4036862079896242
2005-02-13 23:00:00,1.5,1131.0,1.6840011896763796,0.18400118967637957
2005-02-14 00:00:00,1.4,1115.0,1.3903521198659659,0.00964788013403406
2005-02-14 01:00:00,1.6,1133.0,1.4927646707779,0.1072353292221
2005-02-14 02:00:00,1.1,1024.0,1.1207341467968217,0.020734146796821618
2005-02-14 03:00:00,0.7,968.0,1.0697051642112392,0.3697051642112392
2005-02-14 04:00:00,0.5,923.0,0.7712800306958474,0.2712800306958474
2005-02-14 05:00:00,0.4,902.0,0.4636639722181768,0.06366397221817677
2005-02-14 06:00:00,0.7,995.0,0.9728278360177313,0.2728278360177313
2005-02-14 07:00:00,0.7,858.0,0.6492035008713536,0.050796499128646366
2005-02-14 08:00:00,2.3,1233.0,2.947884360655411,0.6478843606554112
2005-02-14 09:00:00,2.5,1140.0,2.481615635699057,0.018384364300942924
2005-02-14 10:00:00,1.7,1096.0,2.0161168931270734,0.3161168931270735
2005-02-14 11:00:00,2.5,1295.0,2.733491793387056,0.23349179338705595
2005-02-14 12:00:00,2.1,926.0,1.0192015196802973,1.0807984803197028
2005-02-14 13:00:00,1.1,970.0,1.1487757469499382,0.04877574694993814
2005-02-14 14:00:00,1.3,960.0,0.9145129662097976,0.38548703379020244
2005-02-14 15:00:00,1.1,941.0,0.9431945770288082,0.15680542297119193
2005-02-14 16:00:00,1.1,921.0,0.8847117744592579,0.21528822554074223
2005-02-14 17:00:00,1.4,940.0,1.0407008567796956,0.3592991432203043
2005-02-14 18:00:00,2.3,1036.0,2.0673203280854104,0.23267967191458938
2005-02-14 19:00:00,4.2,1102.0,2.913600334402163,1.2863996655978371
2005-02-14 20:00:00,3.5,1035.0,2.22580638846994,1.2741936115300598
2005-02-14 21:00:00,3.0,990.0,1.7725309986223408,1.2274690013776592
2005-02-14 22:00:00,1.7,950.0,1.5018220786240204,0.19817792137597956
2005-02-14 23:00:00,1.6,988.0,1.4003232917594541,0.19967670824054595
2005-02-15 00:00:00,1.0,884.0,0.9623204130803986,0.03767958691960138
2005-02-15 01:00:00,0.8,840.0,1.0136247103173797,0.21362471031737962
2005-02-15 02:00:00,0.6,814.0,0.47419816880537274,0.12580183119462723
2005-02-15 03:00:00,0.4,821.0,0.40456770983171303,0.004567709831713007
2005-02-15 05:00:00,0.3,805.0,0.32217793274420997,0.022177932744209983
2005-02-15 06:00:00,0.4,850.0,0.37754555156218533,0.02245444843781469
2005-02-15 07:00:00,0.5,913.0,0.5321751973054852,0.03217519730548524
2005-02-15 08:00:00,1.5,1047.0,1.3004617916970023,0.19953820830299773
2005-02-15 09:00:00,2.1,1055.0,1.734056567668964,0.365943432331036
2005-02-15 10:00:00,1.6,974.0,1.1541690439223653,0.4458309560776348
2005-02-15 11:00:00,1.0,863.0,0.8531689846970134,0.1468310153029866
2005-02-15 12:00:00,1.2,889.0,1.0892145495451016,0.1107854504548984
2005-02-15 13:00:00,1.3,906.0,1.207028348721668,0.09297165127833207
2005-02-15 14:00:00,1.4,874.0,1.2168874367724802,0.18311256322751968
2005-02-15 15:00:00,1.0,849.0,1.0043833307314693,0.004383330731469348
2005-02-15 16:00:00,1.4,923.0,1.2543253285296496,0.1456746714703503
2005-02-15 17:00:00,1.5,962.0,1.4203146249671772,0.0796853750328228
2005-02-15 18:00:00,2.4,1067.0,2.4292966630270065,0.02929666302700662
2005-02-15 19:00:00,2.8,1125.0,2.8976759237988556,0.09767592379885581
2005-02-15 20:00:00,3.1,1149.0,2.9531881422445694,0.1468118577554307
2005-02-15 21:00:00,3.1,1155.0,2.7520619005419347,0.3479380994580654
2005-02-15 22:00:00,2.0,1065.0,1.5411956279448737,0.45880437205512625
2005-02-15 23:00:00,2.1,1145.0,1.7047307321962868,0.3952692678037133
2005-02-16 00:00:00,1.9,1134.0,1.486196919937725,0.41380308006227495
2005-02-16 01:00:00,2.5,1195.0,2.0348645532587724,0.46513544674122764
2005-02-16 02:00:00,2.0,1141.0,1.6462127816199017,0.3537872183800983
2005-02-16 03:00:00,1.4,1077.0,1.544586970656695,0.14458697065669512
2005-02-16 04:00:00,1.1,1052.0,1.3430492081395287,0.24304920813952857
2005-02-16 05:00:00,0.8,1033.0,1.1536029080278907,0.35360290802789063
2005-02-16 06:00:00,0.9,1080.0,1.496444457254837,0.596444457254837
2005-02-16 07:00:00,1.6,1208.0,2.595858525682211,0.9958585256822108
2005-02-16 08:00:00,3.6,1363.0,3.956914225264143,0.35691422526414307
2005-02-16 09:00:00,3.3,1239.0,3.304994138323814,0.0049941383238141235
2005-02-16 10:00:00,2.1,1044.0,1.6924850590401253,0.40751494095987484
2005-02-16 11:00:00,1.3,956.0,1.3519430356712814,0.051943035671281335
2005-02-16 12:00:00,1.1,955.0,1.0894820966250809,0.010517903374919202
2005-02-16 13:00:00,1.5,997.0,1.274394692207157,0.22560530779284305
2005-02-16 14:00:00,1.5,987.0,1.2595930415024954,0.2404069584975046
2005-02-16 15:00:00,1.6,1007.0,1.277856362508969,0.32214363749103114
2005-02-16 16:00:00,1.5,1025.0,1.4257768322491549,0.07422316775084514
2005-02-16 17:00:00,1.6,1083.0,1.8803043976507654,0.2803043976507653
2005-02-16 18:00:00,2.2,1143.0,2.7783046364988655,0.5783046364988653
2005-02-16 19:00:00,3.4,1288.0,4.027293879207041,0.6272938792070408
2005-02-16 20:00:00,5.6,1464.0,5.807374719415334,0.20737471941533414
2005-02-16 21:00:00,5.2,1341.0,4.031629580798599,1.168370419201401
2005-02-16 22:00:00,2.8,1177.0,2.586349395434236,0.213650604565764
2005-02-16 23:00:00,2.4,1089.0,1.611925618212572,0.7880743817874278
2005-02-17 00:00:00,2.7,1196.0,2.539115644909502,0.16088435509049814
2005-02-17 01:00:00,2.6,1107.0,1.8764155120961548,0.7235844879038453
2005-02-17 02:00:00,2.3,1102.0,1.7937677964444205,0.5062322035555793
2005-02-17 03:00:00,1.0,993.0,1.3800351086733933,0.3800351086733933
2005-02-17 04:00:00,0.6,912.0,0.7576933226224013,0.15769332262240132
2005-02-17 05:00:00,0.5,883.0,0.7045603276113669,0.2045603276113669
2005-02-17 06:00:00,0.5,893.0,0.682458408448232,0.18245840844823202
2005-02-17 07:00:00,1.0,1033.0,1.3771937562850238,0.37719375628502383
2005-02-17 08:00:00,2.6,1222.0,2.911121034611895,0.3111210346118951
2005-02-17 09:00:00,2.7,1190.0,3.1974414321262183,0.49744143212621816
2005-02-17 10:00:00,1.8,1035.0,1.4463438685808567,0.3536561314191433
2005-02-17 11:00:00,1.2,990.0,1.3780130924219205,0.17801309242192054
2005-02-17 12:00:00,1.3,1011.0,1.5067083957612548,0.20670839576125477
2005-02-17 13:00:00,1.4,1041.0,1.5032818758501019,0.10328187585010196
2005-02-17 14:00:00,1.8,1086.0,1.8744269244311178,0.07442692443111776
2005-02-17 15:00:00,1.3,1021.0,1.3009523318353082,0.0009523318353081844
2005-02-17 16:00:00,1.4,1014.0,1.3162357776310991,0.0837642223689008
2005-02-17 17:00:00,1.4,1023.0,1.4978197396979342,0.09781973969793434
2005-02-17 18:00:00,2.4,1172.0,2.8724351267268786,0.4724351267268787
2005-02-17 19:00:00,2.8,1172.0,3.244183647230996,0.4441836472309961
2005-02-17 20:00:00,3.3,1219.0,3.5534011452059695,0.2534011452059697
2005-02-17 21:00:00,2.5,1106.0,2.150586442515976,0.34941355748402403
2005-02-17 22:00:00,2.1,1078.0,1.796824095191884,0.3031759048081162
2005-02-17 23:00:00,1.2,939.0,1.02538800044017,0.17461199955982987
2005-02-18 00:00:00,1.2,975.0,1.3084809578673,0.10848095786730005
2005-02-18 01:00:00,1.3,958.0,1.1964326571993973,0.10356734280060276
2005-02-18 02:00:00,1.0,921.0,0.8940285965311369,0.10597140346886313
2005-02-18 03:00:00,0.8,931.0,0.880017523831805,0.08001752383180494
2005-02-18 05:00:00,0.4,872.0,0.635741347114945,0.235741347114945
2005-02-18 06:00:00,0.5,904.0,0.7082974376543398,0.20829743765433983
2005-02-18 07:00:00,0.7,951.0,0.8821180079457718,0.18211800794577182
2005-02-18 08:00:00,2.1,1183.0,2.4122436275559713,0.31224362755597124
2005-02-18 09:00:00,2.5,1187.0,2.9319492621322176,0.4319492621322176
2005-02-18 10:00:00,2.0,1072.0,1.6612978596100052,0.3387021403899948
2005-02-18 11:00:00,1.4,1011.0,1.2719194231666775,0.1280805768333224
2005-02-18 12:00:00,1.3,997.0,1.1502396383692834,0.1497603616307166
2005-02-18 13:00:00,1.4,989.0,1.1759279530080862,0.22407204699191374
2005-02-18 14:00:00,1.6,1006.0,1.1769484910328534,0.4230515089671467
2005-02-18 15:00:00,1.7,1016.0,1.350762514344617,0.34923748565538304
2005-02-18 16:00:00,1.8,1069.0,1.7991147078631216,0.0008852921368784905
2005-02-18 17:00:00,2.4,1109.0,2.3709580427355337,0.029041957264466234
2005-02-18 18:00:00,2.8,1182.0,3.176944904979926,0.37694490497992605
2005-02-18 19:00:00,3.3,1253.0,3.676904772670288,0.3769047726702883
2005-02-18 20:00:00,4.8,1288.0,4.032469960737425,0.7675300392625752
2005-02-18 21:00:00,2.8,1153.0,2.742306672392009,0.05769332760799095
2005-02-18 22:00:00,2.4,1161.0,2.2983315173829695,0.10166848261703043
2005-02-18 23:00:00,2.9,1271.0,2.677307458897668,0.22269254110233172
2005-02-19 00:00:00,2.7,1156.0,2.0060440376841857,0.6939559623158145
2005-02-19 01:00:00,2.1,1106.0,2.0720358252492823,0.027964174750717774
2005-02-19 02:00:00,1.5,1008.0,1.3977114751897266,0.1022885248102734
2005-02-19 03:00:00,1.2,966.0,1.189525305819759,0.01047469418024094
2005-02-19 04:00:00,0.9,931.0,1.0905805058448335,0.19058050584483344
2005-02-19 05:00:00,0.8,922.0,1.0051570261421332,0.20515702614213316
2005-02-19 06:00:00,0.8,911.0,0.9490571280001624,0.14905712800016235
2005-02-19 07:00:00,1.1,993.0,1.2768201561587662,0.17682015615876612
2005-02-19 08:00:00,1.9,1100.0,2.1540506837174447,0.25405068371744477
2005-02-19 09:00:00,2.5,1141.0,2.6313525241433857,0.13135252414338572
2005-02-19 10:00:00,2.2,1085.0,1.8221930944572209,0.3778069055427793
2005-02-19 11:00:00,2.1,1153.0,2.0552330022269834,0.04476699777301674
2005-02-19 12:00:00,2.3,1122.0,1.897336536991731,0.40266346300826883
2005-02-19 13:00:00,1.2,992.0,1.315175647561115,0.11517564756111498
2005-02-19 14:00:00,1.2,1018.0,1.0950474674236688,0.10495253257633119
2005-02-19 15:00:00,1.1,981.0,1.1445373687081881,0.04453736870818803
2005-02-19 16:00:00,1.1,988.0,1.1965523540273544,0.09655235402735429
2005-02-19 17:00:00,1.4,1059.0,1.2203606946958754,0.17963930530412453
2005-02-19 18:00:00,1.7,1110.0,1.8607343104471088,0.16073431044710884
2005-02-19 19:00:00,2.5,1204.0,2.8917902273750724,0.3917902273750724
2005-02-19 20:00:00,2.7,1275.0,3.2383673347425006,0.5383673347425004
2005-02-19 21:00:00,3.1,1297.0,2.8744371409514717,0.22556285904852835
2005-02-19 22:00:00,2.8,1277.0,2.3693811601009482,0.4306188398990516
2005-02-19 23:00:00,1.9,1207.0,2.3551834200876662,0.4551834200876663
2005-02-20 00:00:00,1.9,1222.0,2.2791001214084967,0.3791001214084968
2005-02-20 01:00:00,1.7,1141.0,1.9101235683626918,0.21012356836269186
2005-02-20 02:00:00,2.2,1228.0,2.3104644949423916,0.11046449494239141
2005-02-20 03:00:00,1.6,1120.0,1.722416631579485,0.12241663157948501
2005-02-20 04:00:00,1.5,1067.0,1.4945665448274748,0.005433455172525248
2005-02-20 05:00:00,0.8,947.0,0.9354038505072515,0.13540385050725146
2005-02-20 06:00:00,0.5,918.0,0.9042696349615551,0.4042696349615551
2005-02-20 07:00:00,0.5,920.0,0.9154100760957942,0.41541007609579417
2005-02-20 08:00:00,0.7,941.0,1.0334787991738417,0.3334787991738417
2005-02-20 09:00:00,0.7,949.0,1.0095210722957584,0.3095210722957584
2005-02-20 10:00:00,0.9,990.0,1.143228666120043,0.243228666120043
2005-02-20 11:00:00,1.0,996.0,1.1625486982730315,0.16254869827303153
2005-02-20 12:00:00,1.1,1023.0,1.2521893991687767,0.1521893991687766
2005-02-20 13:00:00,1.1,1037.0,1.3194530014969055,0.2194530014969054
2005-02-20 14:00:00,1.0,1017.0,1.1174116239329193,0.11741162393291926
2005-02-20 15:00:00,1.1,1042.0,1.330686223268664,0.23068622326866395
2005-02-20 16:00:00,1.3,1037.0,1.32242164216663,0.022421642166629896
2005-02-20 17:00:00,1.2,1009.0,1.226611059679468,0.026611059679467974
2005-02-20 18:00:00,1.3,1033.0,1.5021881419891538,0.2021881419891538
2005-02-20 19:00:00,1.1,1016.0,1.2883759677016549,0.18837596770165477
2005-02-20 20:00:00,1.5,1076.0,1.7084544948437455,0.20845449484374545
2005-02-20 21:00:00,1.4,1029.0,1.5148699874415827,0.11486998744158283
2005-02-20 22:00:00,1.1,984.0,1.227082857423815,0.12708285742381498
2005-02-20 23:00:00,1.3,1003.0,1.1964955623230353,0.10350443767696471
2005-02-21 00:00:00,1.4,1009.0,0.9946936492288933,0.40530635077110666
2005-02-21 01:00:00,1.1,946.0,0.9033224780997384,0.19667752190026166
2005-02-21 02:00:00,0.8,910.0,0.4945422301112129,0.30545776988878715
2005-02-21 03:00:00,0.6,886.0,0.3059741778450633,0.29402582215493667
2005-02-21 05:00:00,0.5,907.0,0.3100993910336352,0.1899006089663648
2005-02-21 06:00:00,0.6,949.0,0.6195559563103836,0.01955595631038365
2005-02-21 07:00:00,1.2,1054.0,0.9952028604278415,0.2047971395721585
2005-02-21 08:00:00,2.2,1214.0,2.21359635286663,0.013596352866629857
2005-02-21 09:00:00,2.9,1253.0,2.6229621466739372,0.2770378533260627
2005-02-21 10:00:00,2.9,1197.0,2.6036550877840727,0.2963449122159272
2005-02-21 11:00:00,2.0,1156.0,1.8512414923620644,0.14875850763793563
2005-02-21 12:00:00,1.7,1132.0,1.911542800172437,0.2115428001724371
2005-02-21 13:00:00,2.2,1207.0,2.5342809182948436,0.3342809182948434
2005-02-21 14:00:00,1.8,1127.0,2.0333650027190178,0.23336500271901772
2005-02-21 15:00:00,1.6,1112.0,1.6230335388173578,0.0230335388173577
2005-02-21 16:00:00,1.9,1186.0,2.144488568646028,0.24448856864602808
2005-02-21 17:00:00,2.2,1192.0,2.7347838235476347,0.5347838235476345
2005-02-21 18:00:00,2.2,1177.0,2.60944647143337,0.40944647143336965
2005-02-21 19:00:00,4.9,1478.0,4.704075243986388,0.19592475601361237
2005-02-21 20:00:00,6.3,1486.0,4.21876575922061,2.0812342407793896
2005-02-21 21:00:00,2.7,1118.0,2.2137299711763454,0.4862700288236548
2005-02-21 22:00:00,1.4,1019.0,1.1009485730812947,0.29905142691870523
2005-02-21 23:00:00,1.2,961.0,0.9722572115631583,0.2277427884368417
2005-02-22 00:00:00,0.8,931.0,0.9189096051670034,0.11890960516700333
2005-02-22 01:00:00,0.8,938.0,0.715104211333465,0.08489578866653502
2005-02-22 02:00:00,0.7,888.0,0.5530445957364427,0.14695540426355724
2005-02-22 03:00:00,0.4,844.0,0.39282355804301816,0.0071764419569818605
2005-02-22 04:00:00,0.4,851.0,0.36407041682434893,0.03592958317565109
2005-02-22 05:00:00,0.5,905.0,0.48258370954230495,0.01741629045769505
2005-02-22 06:00:00,0.9,987.0,0.903725599049918,0.0037255990499179825
2005-02-22 07:00:00,1.5,1124.0,1.397820895098522,0.10217910490147797
2005-02-22 08:00:00,3.8,1408.0,3.2636667992468786,0.5363332007531212
2005-02-22 09:00:00,5.4,1501.0,4.462075377336271,0.9379246226637292
2005-02-22 10:00:00,3.5,1266.0,3.4747031701093967,0.025296829890603334
2005-02-22 11:00:00,1.7,1082.0,1.807958677793698,0.10795867779369805
2005-02-22 12:00:00,2.0,1123.0,2.2160573755708466,0.2160573755708466
2005-02-22 13:00:00,2.1,1174.0,2.5151719405276234,0.4151719405276233
2005-02-22 14:00:00,3.0,1209.0,2.6748925667010943,0.3251074332989057
2005-02-22 15:00:00,2.1,1120.0,1.8363980149482673,0.2636019850517328
2005-02-22 16:00:00,2.5,1174.0,2.3591658698785403,0.14083413012145973
2005-02-22 17:00:00,2.2,1068.0,1.6467368256894923,0.5532631743105079
2005-02-22 18:00:00,2.4,1146.0,2.4584416259969397,0.058441625996939806
2005-02-22 19:00:00,3.6,1204.0,3.1032160100606307,0.49678398993936934
2005-02-22 20:00:00,2.6,1062.0,1.6595948771695426,0.9404051228304575
2005-02-22 21:00:00,2.7,1122.0,2.277283395010221,0.42271660498977903
2005-02-22 22:00:00,1.4,940.0,0.46023006016874846,0.9397699398312515
2005-02-22 23:00:00,0.9,935.0,0.48702198248267053,0.4129780175173295
2005-02-23 00:00:00,1.5,1011.0,1.1201544511044839,0.37984554889551614
2005-02-23 01:00:00,1.1,952.0,0.818026927721909,0.2819730722780911
2005-02-23 02:00:00,0.8,899.0,0.4079033820815537,0.39209661791844636
2005-02-23 03:00:00,0.6,880.0,0.29090871019930736,0.3090912898006926
2005-02-23 04:00:00,0.6,882.0,0.5222010786248236,0.07779892137517641
2005-02-23 05:00:00,0.6,844.0,0.2894877976030378,0.3105122023969622
2005-02-23 06:00:00,0.6,860.0,0.31536195333459544,0.28463804666540454
2005-02-23 07:00:00,0.7,917.0,0.564225612383818,0.135774387616182
2005-02-23 08:00:00,1.7,1126.0,1.20668538230903,0.49331461769096996
2005-02-23 09:00:00,1.9,1033.0,1.3440654521141842,0.5559345478858158
2005-02-23 10:00:00,1.4,944.0,0.8320172347750862,0.5679827652249138
2005-02-23 11:00:00,1.3,955.0,0.8109467661281747,0.4890532338718253
2005-02-23 12:00:00,1.2,992.0,0.8531546317674592,0.34684536823254075
2005-02-23 13:00:00,1.9,1090.0,1.7475451393373453,0.15245486066265457
2005-02-23 14:00:00,2.5,1151.0,2.363777227757116,0.13622277224288393
2005-02-23 15:00:00,2.3,1148.0,2.2604341028049992,0.03956589719500059
2005-02-23 16:00:00,2.3,1140.0,2.4370245081083395,0.13702450810833966
2005-02-23 17:00:00,2.5,1160.0,2.8300169266128026,0.3300169266128026
2005-02-23 18:00:00,2.8,1167.0,3.223070618932291,0.42307061893229125
2005-02-23 19:00:00,2.7,1194.0,3.464894944530563,0.7648949445305626
2005-02-23 20:00:00,3.1,1224.0,3.587939932248715,0.487939932248715
2005-02-23 21:00:00,2.9,1209.0,3.385110520679456,0.48511052067945615
2005-02-23 22:00:00,2.6,1145.0,2.4259952514167997,0.17400474858320036
2005-02-23 23:00:00,1.5,1016.0,1.4892497497743125,0.010750250225687541
2005-02-24 00:00:00,1.6,1018.0,1.833992062554159,0.23399206255415894
2005-02-24 01:00:00,1.1,937.0,1.2853532742838718,0.18535327428387172
2005-02-24 02:00:00,0.9,949.0,1.1203164326766215,0.2203164326766215
2005-02-24 03:00:00,0.7,895.0,0.7493274356824299,0.04932743568242992
2005-02-24 05:00:00,0.6,883.0,0.9153588389682367,0.3153588389682367
2005-02-24 06:00:00,0.8,968.0,1.3589439073081029,0.5589439073081028
2005-02-24 07:00:00,1.5,1071.0,1.6895448826723363,0.18954488267233627
2005-02-24 08:00:00,3.1,1310.0,2.8176665644122836,0.2823334355877165
2005-02-24 09:00:00,3.8,1332.0,4.014621344650511,0.21462134465051097
2005-02-24 10:00:00,2.7,1178.0,2.8577112002585805,0.15771120025858032
2005-02-24 11:00:00,1.8,1093.0,2.195571921129801,0.395571921129801
2005-02-24 12:00:00,1.4,1060.0,1.9518489951850402,0.5518489951850403
2005-02-24 13:00:00,1.7,1121.0,2.0479449252736535,0.3479449252736535
2005-02-24 14:00:00,1.9,1118.0,1.8738778216778933,0.026122178322106615
2005-02-24 15:00:00,2.2,1205.0,2.617417521961506,0.41741752196150594
2005-02-24 16:00:00,3.0,1274.0,3.2431948471321648,0.24319484713216477
2005-02-24 17:00:00,3.0,1301.0,3.5058861757140836,0.5058861757140836
2005-02-24 18:00:00,3.9,1405.0,4.4397612041205505,0.5397612041205506
2005-02-24 19:00:00,4.0,1375.0,4.672270933341969,0.6722709333419692
2005-02-24 20:00:00,3.9,1367.0,4.5063890676310105,0.6063890676310106
2005-02-24 21:00:00,3.5,1324.0,3.7415857560464842,0.24158575604648425
2005-02-24 22:00:00,2.4,1170.0,2.568711733675987,0.16871173367598713
2005-02-24 23:00:00,2.1,1169.0,2.2703174774008046,0.1703174774008045
2005-02-25 00:00:00,2.5,1181.0,2.6077228038509377,0.10772280385093769
2005-02-25 01:00:00,2.1,1146.0,2.305565237167183,0.20556523716718278
2005-02-25 02:00:00,1.5,1059.0,1.9114569284575718,0.41145692845757176
2005-02-25 03:00:00,1.1,1010.0,1.4802073756323197,0.38020737563231966
2005-02-25 04:00:00,1.0,1007.0,1.39163804659525,0.39163804659525003
2005-02-25 05:00:00,0.8,932.0,1.1160112042431438,0.3160112042431438
2005-02-25 06:00:00,1.0,998.0,1.1688924488561,0.1688924488561001
2005-02-25 07:00:00,1.4,1072.0,1.4413025768514982,0.041302576851498296
2005-02-25 08:00:00,3.6,1424.0,3.4407869552670243,0.15921304473297582
2005-02-25 09:00:00,5.8,1527.0,5.077263517058121,0.7227364829418788
2005-02-25 10:00:00,4.2,1364.0,3.86507742888813,0.33492257111186996
2005-02-25 11:00:00,3.3,1190.0,3.078985918012783,0.22101408198721684
2005-02-25 12:00:00,1.7,1021.0,1.5100574678780299,0.1899425321219701
2005-02-25 13:00:00,2.1,1051.0,1.7680104975405604,0.3319895024594397
2005-02-25 14:00:00,2.2,1021.0,1.6001586715288607,0.5998413284711395
2005-02-25 15:00:00,1.8,1016.0,1.5286729692374281,0.2713270307625719
2005-02-25 16:00:00,2.0,1040.0,1.706783802363993,0.29321619763600704
2005-02-25 17:00:00,2.3,1089.0,1.934690457531552,0.3653095424684478
2005-02-25 18:00:00,2.8,1148.0,2.8231807890271683,0.02318078902716847
2005-02-25 19:00:00,3.4,1162.0,3.171210971396771,0.22878902860322903
2005-02-25 20:00:00,4.0,1197.0,3.51553340272522,0.48446659727478014
2005-02-25 21:00:00,2.3,1059.0,2.274368541700316,0.025631458299683718
2005-02-25 22:00:00,2.7,1207.0,2.862289962811291,0.16228996281129104
2005-02-25 23:00:00,2.7,1188.0,2.5528671802951335,0.1471328197048667
2005-02-26 00:00:00,2.8,1153.0,2.594595262427792,0.2054047375722079
2005-02-26 01:00:00,2.1,1061.0,2.085594153078391,0.014405846921609289
2005-02-26 02:00:00,1.9,1028.0,1.792205768450514,0.10779423154948597
2005-02-26 03:00:00,2.1,1082.0,2.006740864197693,0.09325913580230694
2005-02-26 04:00:00,1.7,1037.0,1.5728383971172089,0.1271616028827911
2005-02-26 05:00:00,1.3,942.0,1.140999488509404,0.15900051149059613
2005-02-26 06:00:00,0.9,904.0,0.8705182927302132,0.029481707269786828
2005-02-26 07:00:00,1.0,855.0,0.7280241437646723,0.2719758562353277
2005-02-26 08:00:00,1.0,914.0,0.8855826183700783,0.11441738162992166
2005-02-26 09:00:00,1.5,933.0,1.0161986964263328,0.48380130357366724
2005-02-26 10:00:00,1.5,942.0,1.0901448196236427,0.40985518037635726
2005-02-26 11:00:00,1.4,943.0,1.0313769006602798,0.36862309933972015
2005-02-26 12:00:00,2.4,959.0,1.018213029695627,1.3817869703043728
2005-02-26 13:00:00,2.8,971.0,1.1280513354994963,1.6719486645005035
2005-02-26 14:00:00,2.9,954.0,0.9765462991790316,1.9234537008209682
2005-02-26 15:00:00,2.6,929.0,1.0227890364942478,1.5772109635057523
2005-02-26 16:00:00,2.5,933.0,1.0088004556345553,1.4911995443654447
2005-02-26 17:00:00,2.7,967.0,1.1072135329254351,1.592786467074565
2005-02-26 18:00:00,2.8,987.0,1.2810200176447515,1.5189799823552483
2005-02-26 19:00:00,3.0,1003.0,1.516713920631325,1.483286079368675
2005-02-26 20:00:00,3.7,1138.0,2.6266852645196415,1.0733147354803587
2005-02-26 21:00:00,3.5,1087.0,2.1523757741711798,1.3476242258288202
2005-02-26 22:00:00,3.8,1129.0,2.0830341954386102,1.7169658045613896
2005-02-26 23:00:00,4.3,1191.0,2.6731301431363312,1.6268698568636686
2005-02-27 00:00:00,4.8,1256.0,2.8159728384761187,1.9840271615238811
2005-02-27 01:00:00,4.2,1171.0,2.541886412250684,1.658113587749316
2005-02-27 02:00:00,3.3,1016.0,1.5162301728213992,1.7837698271786007
2005-02-27 03:00:00,3.0,1035.0,1.6522030811921558,1.3477969188078442
2005-02-27 05:00:00,1.0,901.0,0.8923819020822498,0.10761809791775023
2005-02-27 06:00:00,0.9,914.0,0.9981111306466725,0.09811113064667243
2005-02-27 07:00:00,1.1,940.0,1.143672634286198,0.04367263428619794
2005-02-27 08:00:00,1.1,935.0,1.3191396965376387,0.21913969653763865
2005-02-27 09:00:00,1.2,970.0,1.383936056266545,0.18393605626654508
2005-02-27 10:00:00,1.7,1064.0,1.959166710523341,0.25916671052334106
2005-02-27 11:00:00,1.6,1023.0,1.266345380192682,0.33365461980731803
2005-02-27 12:00:00,1.4,955.0,1.1332179236191287,0.26678207638087126
2005-02-27 13:00:00,1.8,943.0,1.0695610239936477,0.7304389760063523
2005-02-27 14:00:00,1.1,895.0,0.8208561871088641,0.279143812891136
2005-02-27 15:00:00,0.9,890.0,0.852354319541184,0.04764568045881601
2005-02-27 16:00:00,1.1,904.0,0.8410328074146121,0.25896719258538803
2005-02-27 17:00:00,1.1,888.0,0.8035660738247592,0.2964339261752409
2005-02-27 18:00:00,1.2,905.0,0.7975603233132159,0.40243967668678404
2005-02-27 19:00:00,1.6,974.0,1.1814401379423949,0.4185598620576052
2005-02-27 20:00:00,2.6,1048.0,1.5870197716078733,1.0129802283921268
2005-02-27 21:00:00,1.5,895.0,0.7022294307254112,0.7977705692745888
2005-02-27 22:00:00,1.0,875.0,0.5886359747569098,0.41136402524309024
2005-02-27 23:00:00,1.3,943.0,0.8003507782748903,0.4996492217251097
2005-02-28 00:00:00,1.6,947.0,0.918810425241401,0.6811895747585991
2005-02-28 01:00:00,1.0,865.0,0.5207466126257498,0.47925338737425016
2005-02-28 02:00:00,0.6,823.0,0.30969548801401364,0.29030451198598634
2005-02-28 03:00:00,0.4,798.0,0.26081551614714515,0.13918448385285487
2005-02-28 04:00:00,0.3,781.0,0.21529545289467578,0.08470454710532421
2005-02-28 05:00:00,0.3,781.0,0.21581271112622963,0.08418728887377036
2005-02-28 06:00:00,0.3,779.0,0.24797225298859693,0.05202774701140306
2005-02-28 07:00:00,0.4,817.0,0.3463953858106062,0.05360461418939383
2005-02-28 08:00:00,1.0,893.0,0.3986292989408782,0.6013707010591218
2005-02-28 09:00:00,1.2,883.0,0.43768835553536634,0.7623116444646336
2005-02-28 10:00:00,1.0,839.0,0.34214811621473695,0.657851883785263
2005-02-28 11:00:00,0.9,809.0,0.6022119100538011,0.2977880899461989
2005-02-28 12:00:00,0.8,805.0,0.7172950948688835,0.0827049051311165
2005-02-28 13:00:00,1.1,840.0,0.632049085402471,0.46795091459752913
2005-02-28 14:00:00,1.0,812.0,0.6772136449604831,0.3227863550395169
2005-02-28 15:00:00,0.8,782.0,0.7406681294563647,0.05933187054363531
2005-02-28 16:00:00,0.9,799.0,0.7839393781299634,0.11606062187003663
2005-02-28 17:00:00,0.9,812.0,0.8068245159482466,0.09317548405175347
2005-02-28 18:00:00,2.0,922.0,0.972262550028771,1.0277374499712288
2005-02-28 19:00:00,2.4,938.0,1.2481766608218923,1.1518233391781076
2005-02-28 20:00:00,2.5,939.0,1.2865847670445738,1.2134152329554262
2005-02-28 21:00:00,1.6,827.0,0.740109511783533,0.8598904882164671
2005-02-28 22:00:00,0.9,776.0,0.7081587699772302,0.19184123002276987
2005-02-28 23:00:00,0.7,755.0,0.6802584967982328,0.019741503201767152
2005-03-01 00:00:00,0.6,766.0,0.8112410895189485,0.2112410895189485
2005-03-01 01:00:00,0.6,762.0,0.8257318922846665,0.2257318922846665
2005-03-01 02:00:00,0.4,736.0,0.6671356258710648,0.26713562587106476
2005-03-01 03:00:00,0.2,715.0,0.6169323528412671,0.4169323528412671
2005-03-01 04:00:00,0.2,716.0,0.5849270334165371,0.38492703341653706
2005-03-01 05:00:00,0.2,731.0,0.5816710526719064,0.38167105267190643
2005-03-01 06:00:00,0.2,735.0,0.5816710526719064,0.38167105267190643
2005-03-01 07:00:00,0.5,779.0,0.6644940164753675,0.16449401647536754
2005-03-01 08:00:00,1.5,915.0,0.9696831273798947,0.5303168726201053
2005-03-01 09:00:00,1.9,905.0,1.3419476413947504,0.5580523586052495
2005-03-01 10:00:00,1.4,835.0,1.070771712296842,0.3292282877031578
2005-03-01 11:00:00,0.9,798.0,0.8800282439621605,0.019971756037839516
2005-03-01 12:00:00,0.7,783.0,0.824618908755709,0.12461890875570902
2005-03-01 13:00:00,0.8,807.0,0.8717719865437532,0.07177198654375316
2005-03-01 14:00:00,1.0,827.0,0.7578504633216478,0.24214953667835215
2005-03-01 15:00:00,0.9,822.0,0.8499525933645171,0.050047406635482905
2005-03-01 16:00:00,1.0,830.0,0.8055344483417906,0.19446555165820945
2005-03-01 17:00:00,0.9,833.0,0.8831444602040537,0.01685553979594634
2005-03-01 18:00:00,1.4,882.0,0.941845880418029,0.45815411958197094
2005-03-01 19:00:00,2.1,967.0,1.695107682840908,0.40489231715909213
2005-03-01 20:00:00,2.8,1009.0,2.016753559718792,0.7832464402812076
2005-03-01 21:00:00,2.2,911.0,1.4517754971082526,0.7482245028917476
2005-03-01 22:00:00,1.0,808.0,0.8583716790578996,0.14162832094210043
2005-03-01 23:00:00,1.1,812.0,0.8565994257068316,0.24340057429316853
2005-03-02 00:00:00,0.9,790.0,1.0490828398394467,0.1490828398394467
2005-03-02 01:00:00,0.8,765.0,1.041883748768995,0.24188374876899488
2005-03-02 02:00:00,0.6,761.0,0.7425834698801413,0.14258346988014137
2005-03-02 03:00:00,0.5,788.0,0.7023551776992977,0.20235517769929767
2005-03-02 05:00:00,0.4,804.0,0.8373053507849877,0.43730535078498767
2005-03-02 06:00:00,0.5,831.0,0.927977418933383,0.42797741893338304
2005-03-02 07:00:00,0.7,881.0,0.9626714107487193,0.26267141074871936
2005-03-02 08:00:00,2.4,1099.0,2.411185659420398,0.011185659420398064
2005-03-02 09:00:00,2.8,1100.0,2.851669156571621,0.05166915657162097
2005-03-02 10:00:00,2.0,1042.0,1.824916423113219,0.1750835768867809
2005-03-02 11:00:00,2.2,1026.0,1.9540604074187766,0.24593959258122355
2005-03-02 12:00:00,1.4,905.0,1.5151294718632387,0.11512947186323874
2005-03-02 13:00:00,1.2,891.0,1.2668755101827223,0.06687551018272231
2005-03-02 14:00:00,1.9,968.0,1.7691072373113352,0.13089276268866468
2005-03-02 15:00:00,1.3,909.0,1.4185364600105206,0.11853646001052054
2005-03-02 16:00:00,2.0,938.0,1.6235811447042288,0.37641885529577124
2005-03-02 17:00:00,2.0,971.0,1.9191707480541111,0.08082925194588886
2005-03-02 18:00:00,3.4,1148.0,3.10305586439618,0.29694413560382005
2005-03-02 19:00:00,5.1,1299.0,3.753646409421137,1.3463535905788628
2005-03-02 20:00:00,5.3,1315.0,3.4535480565361305,1.8464519434638693
2005-03-02 21:00:00,2.8,1180.0,2.6575468509786715,0.14245314902132833
2005-03-02 22:00:00,1.6,1070.0,1.5036866538172524,0.09631334618274767
2005-03-02 23:00:00,1.4,1031.0,1.4845001838001621,0.08450018380016222
2005-03-03 00:00:00,1.4,1047.0,1.5242810555841895,0.12428105558418956
2005-03-03 01:00:00,1.4,1030.0,1.5754291884677012,0.17542918846770128
2005-03-03 02:00:00,1.1,986.0,1.158835260093497,0.05883526009349693
2005-03-03 03:00:00,0.9,992.0,1.068504415341211,0.16850441534121108
2005-03-03 04:00:00,1.0,1076.0,1.2240172600672734,0.2240172600672734
2005-03-03 05:00:00,1.0,1104.0,1.4730086020685835,0.47300860206858353
2005-03-03 06:00:00,1.2,1160.0,1.7016827438534152,0.5016827438534153
2005-03-03 07:00:00,1.4,1217.0,2.4077040111681205,1.0077040111681206
2005-03-03 08:00:00,3.0,1457.0,3.8901131766229673,0.8901131766229673
2005-03-03 09:00:00,4.2,1337.0,4.258842048226935,0.05884204822693473
2005-03-03 10:00:00,2.1,1111.0,2.3786380968795964,0.2786380968795963
2005-03-03 11:00:00,2.0,1165.0,2.6896746976629684,0.6896746976629684
2005-03-03 12:00:00,1.6,1129.0,2.3646239299146803,0.7646239299146802
2005-03-03 13:00:00,1.4,1092.0,2.1536206990200646,0.7536206990200647
2005-03-03 14:00:00,1.6,1096.0,2.134740483188622,0.5347404831886218
2005-03-03 15:00:00,1.5,1108.0,2.0900386798580706,0.5900386798580706
2005-03-03 16:00:00,1.7,1124.0,2.1427193391240458,0.4427193391240458
2005-03-03 17:00:00,1.9,1216.0,2.902969404813548,1.0029694048135482
2005-03-03 18:00:00,3.8,1437.0,4.066583152306551,0.26658315230655116
2005-03-03 19:00:00,5.4,1473.0,4.630574848289427,0.769425151710573
2005-03-03 20:00:00,4.2,1396.0,4.439192011058867,0.23919201105886678
2005-03-03 21:00:00,3.8,1285.0,3.781320294146412,0.01867970585358769
2005-03-03 22:00:00,2.3,1206.0,3.299929268559103,0.9999292685591032
2005-03-03 23:00:00,2.1,1179.0,2.7871508601272597,0.6871508601272596
2005-03-04 00:00:00,2.3,1213.0,2.6039811592531574,0.3039811592531576
2005-03-04 01:00:00,2.3,1142.0,2.3224241018364498,0.02242410183644994
2005-03-04 02:00:00,1.7,1089.0,1.747452338494142,0.0474523384941421
2005-03-04 03:00:00,1.2,982.0,1.2654829568588148,0.06548295685881489
2005-03-04 04:00:00,0.6,888.0,0.7789673970070184,0.17896739700701847
2005-03-04 05:00:00,0.9,979.0,1.1377798488454538,0.23777984884545378
2005-03-04 06:00:00,1.1,1023.0,1.4568603759425653,0.35686037594256526
2005-03-04 07:00:00,1.9,1153.0,1.8550265669120583,0.04497343308794166
2005-03-04 08:00:00,3.7,1393.0,3.743907119652586,0.04390711965258598
2005-03-04 09:00:00,6.1,1567.0,5.747288937701013,0.35271106229898663
2005-03-04 10:00:00,4.6,1334.0,3.9369934018184884,0.6630065981815112
2005-03-04 11:00:00,3.3,1280.0,3.4972793854727424,0.1972793854727426
2005-03-04 12:00:00,3.3,1330.0,3.483712457408422,0.18371245740842213
2005-03-04 13:00:00,3.4,1349.0,3.826991151372556,0.42699115137255594
2005-03-04 14:00:00,3.6,1349.0,3.774085336396809,0.1740853363968089
2005-03-04 15:00:00,3.9,1344.0,3.6221358692595023,0.27786413074049765
2005-03-04 16:00:00,4.8,1337.0,3.9854647422405214,0.8145352577594784
2005-03-04 17:00:00,3.9,1316.0,3.8763870409135333,0.023612959086466656
2005-03-04 18:00:00,3.6,1253.0,3.3939411176217185,0.20605888237828163
2005-03-04 19:00:00,3.6,1258.0,3.595821448429213,0.004178551570787281
2005-03-04 20:00:00,4.6,1326.0,4.14506427430288,0.45493572569712004
2005-03-04 21:00:00,2.3,1109.0,2.2556875005839094,0.04431249941609039
2005-03-04 22:00:00,1.6,1029.0,1.8604605136454992,0.26046051364549916
2005-03-04 23:00:00,1.8,1112.0,2.0390065386600202,0.2390065386600202
2005-03-05 00:00:00,2.2,1100.0,2.0698618497378085,0.13013815026219167
2005-03-05 01:00:00,2.1,1136.0,2.2255651600229944,0.12556516002299434
2005-03-05 02:00:00,1.7,1000.0,1.4346915530402722,0.2653084469597278
2005-03-05 03:00:00,1.5,1041.0,1.5677596798173312,0.06775967981733122
2005-03-05 05:00:00,1.1,975.0,1.172905256033097,0.07290525603309694
2005-03-05 06:00:00,1.1,993.0,1.3104846273639608,0.21048462736396067
2005-03-05 07:00:00,0.8,872.0,0.6669961864509899,0.13300381354901014
2005-03-05 08:00:00,1.3,1017.0,1.432026054031058,0.13202605403105805
2005-03-05 09:00:00,2.3,1070.0,2.116909901410052,0.18309009858994774
2005-03-05 10:00:00,1.1,915.0,0.9438176618837842,0.15618233811621585
2005-03-05 11:00:00,1.1,978.0,1.2315900797511778,0.13159007975117776
2005-03-05 12:00:00,1.5,968.0,1.152229922490908,0.34777007750909195
2005-03-05 13:00:00,1.6,1008.0,1.1674200770435412,0.43257992295645886
2005-03-05 14:00:00,2.2,1025.0,1.5766853264206384,0.6233146735793618
2005-03-05 15:00:00,1.5,983.0,1.1477200460056773,0.35227995399432266
2005-03-05 16:00:00,1.8,1018.0,1.3300359377015751,0.4699640622984249
2005-03-05 17:00:00,2.0,1101.0,1.886378794290037,0.11362120570996304
2005-03-05 18:00:00,1.9,1116.0,2.422273896863279,0.522273896863279
2005-03-05 19:00:00,2.5,1161.0,2.8213677472280323,0.3213677472280323
2005-03-05 20:00:00,2.6,1212.0,3.1694778669015093,0.5694778669015093
2005-03-05 21:00:00,3.2,1225.0,2.9457341860027486,0.25426581399725157
2005-03-05 22:00:00,2.2,1154.0,2.0238198836846775,0.1761801163153227
2005-03-05 23:00:00,1.9,1140.0,1.9581965702533648,0.05819657025336489
2005-03-06 00:00:00,2.4,1201.0,2.6550131423256143,0.25501314232561434
2005-03-06 01:00:00,1.8,1011.0,1.4655398338940067,0.3344601661059934
2005-03-06 02:00:00,0.9,867.0,0.7058661757948569,0.19413382420514314
2005-03-06 03:00:00,0.8,856.0,0.6001566706607419,0.1998433293392582
2005-03-06 04:00:00,0.7,859.0,0.6046766357725055,0.09532336422749443
2005-03-06 05:00:00,0.6,859.0,0.575021968443807,0.024978031556192937
2005-03-06 06:00:00,0.5,842.0,0.5756356636983181,0.07563566369831809
2005-03-06 07:00:00,0.6,856.0,0.5831357032350761,0.016864296764923847
2005-03-06 08:00:00,0.6,867.0,0.6459868683341586,0.04598686833415866
2005-03-06 09:00:00,0.7,877.0,0.6381580987607334,0.06184190123926658
2005-03-06 10:00:00,0.7,869.0,0.7541098107392897,0.054109810739289776
2005-03-06 11:00:00,0.9,900.0,0.791453262151786,0.108546737848214
2005-03-06 12:00:00,1.0,899.0,0.8416699546635988,0.15833004533640116
2005-03-06 13:00:00,1.0,895.0,0.7979667714151942,0.20203322858480577
2005-03-06 14:00:00,1.4,992.0,1.081356583741662,0.3186434162583378
2005-03-06 15:00:00,3.0,1104.0,2.281600327111546,0.7183996728884541
2005-03-06 16:00:00,1.5,933.0,1.083281872930852,0.416718127069148
2005-03-06 17:00:00,1.7,973.0,1.192039779150266,0.507960220849734
2005-03-06 18:00:00,2.3,1069.0,1.5443733086920906,0.7556266913079093
2005-03-06 19:00:00,2.5,1055.0,1.9040551653731377,0.5959448346268623
2005-03-06 20:00:00,2.1,1032.0,1.7087159550884796,0.39128404491152047
2005-03-06 21:00:00,1.5,982.0,1.369391141788142,0.13060885821185808
2005-03-06 22:00:00,1.4,968.0,1.2403659452086024,0.15963405479139747
2005-03-06 23:00:00,1.4,979.0,1.2077431085143435,0.1922568914856564
2005-03-07 00:00:00,1.4,935.0,0.7919938737585238,0.6080061262414761
2005-03-07 01:00:00,1.2,942.0,0.7524947598344299,0.44750524016557003
2005-03-07 02:00:00,0.9,883.0,0.4022136957774736,0.4977863042225264
2005-03-07 03:00:00,0.6,841.0,0.2414943116556603,0.3585056883443397
2005-03-07 04:00:00,0.4,843.0,0.2675103131723776,0.1324896868276224
2005-03-07 05:00:00,0.4,872.0,0.2561186123938773,0.14388138760612273
2005-03-07 06:00:00,0.5,862.0,0.2538535905226475,0.2461464094773525
2005-03-07 07:00:00,0.7,917.0,0.5347223353545075,0.16527766464549243
2005-03-07 08:00:00,1.5,1022.0,1.0963732028809232,0.4036267971190768
2005-03-07 09:00:00,1.9,1022.0,1.3634794087679951,0.5365205912320048
2005-03-07 10:00:00,1.6,961.0,1.389717794907504,0.21028220509249618
2005-03-07 11:00:00,1.4,912.0,1.3032455113040031,0.09675448869599679
2005-03-07 12:00:00,1.3,896.0,1.216810316429285,0.0831896835707151
2005-03-07 13:00:00,1.3,890.0,1.0668724800016691,0.23312751999833092
2005-03-07 14:00:00,1.2,891.0,1.1849123428882147,0.01508765711178528
2005-03-07 15:00:00,1.3,894.0,1.2914336567541986,0.008566343245801411
2005-03-07 16:00:00,1.4,907.0,1.2963362359683852,0.1036637640316147
2005-03-07 17:00:00,1.7,973.0,1.688978792272011,0.01102120772798898
2005-03-07 18:00:00,2.5,1035.0,2.276377103404722,0.2236228965952778
2005-03-07 19:00:00,3.8,1146.0,3.1814729034476272,0.6185270965523726
2005-03-07 20:00:00,4.2,1176.0,3.186747644072253,1.0132523559277473
2005-03-07 21:00:00,2.8,1057.0,1.7561595475363936,1.0438404524636062
2005-03-07 22:00:00,1.5,974.0,1.4862382247343868,0.013761775265613174
2005-03-07 23:00:00,1.8,1044.0,1.458742262638094,0.3412577373619061
2005-03-08 00:00:00,1.5,988.0,1.1334816807092425,0.3665183192907575
2005-03-08 01:00:00,1.5,1016.0,0.967351567948661,0.532648432051339
2005-03-08 02:00:00,1.2,929.0,0.861221969037799,0.33877803096220094
2005-03-08 03:00:00,0.8,876.0,0.5940976660963352,0.20590233390366486
2005-03-08 05:00:00,0.7,888.0,0.6265087183689364,0.07349128163106355
2005-03-08 06:00:00,0.7,927.0,0.8217231565684993,0.1217231565684993
2005-03-08 07:00:00,1.3,991.0,1.0304543137641038,0.26954568623589625
2005-03-08 08:00:00,3.4,1317.0,3.5217661399481495,0.12176613994814955
2005-03-08 09:00:00,5.5,1402.0,4.0921530814185365,1.4078469185814635
2005-03-08 10:00:00,4.1,1222.0,3.3549558540259956,0.745044145974004
2005-03-08 11:00:00,3.0,1109.0,2.5694258885047225,0.43057411149527747
2005-03-08 12:00:00,1.9,959.0,1.7083235704607016,0.1916764295392983
2005-03-08 13:00:00,1.8,964.0,1.6471149144822577,0.15288508551774238
2005-03-08 14:00:00,2.1,1006.0,1.9248060653385612,0.17519393466143884
2005-03-08 15:00:00,2.3,1002.0,1.802856867646012,0.4971431323539879
2005-03-08 16:00:00,2.3,997.0,1.9232710959750021,0.3767289040249977
2005-03-08 17:00:00,2.0,1019.0,1.9318789321172265,0.0681210678827735
2005-03-08 18:00:00,3.1,1192.0,3.4697436605417917,0.36974366054179164
2005-03-08 19:00:00,5.1,1399.0,3.9872236002895747,1.112776399710425
2005-03-08 20:00:00,5.9,1419.0,4.670079122734556,1.2299208772654442
2005-03-08 21:00:00,3.2,1250.0,2.8812974150653883,0.3187025849346119
2005-03-08 22:00:00,2.4,1156.0,1.8990033578435452,0.5009966421564547
2005-03-08 23:00:00,1.4,1064.0,1.2801744106464361,0.1198255893535638
2005-03-09 00:00:00,1.4,1066.0,1.2131277765471982,0.18687222345280174
2005-03-09 01:00:00,1.3,1031.0,1.202429662816669,0.09757033718333097
2005-03-09 02:00:00,1.0,973.0,1.010896983167462,0.010896983167461904
2005-03-09 03:00:00,0.8,937.0,0.7287687602593514,0.0712312397406486
2005-03-09 04:00:00,0.8,930.0,0.7328955318744445,0.0671044681255556
2005-03-09 05:00:00,0.9,949.0,0.8105941200862724,0.08940587991372762
2005-03-09 06:00:00,0.9,979.0,0.9599536845140426,0.05995368451404259
2005-03-09 07:00:00,1.7,1094.0,1.7646530210287035,0.06465302102870352
2005-03-09 08:00:00,4.3,1450.0,4.358102868890843,0.058102868890843595
2005-03-09 09:00:00,6.0,1508.0,5.509446198477075,0.4905538015229247
2005-03-09 10:00:00,3.8,1374.0,3.7098114052148388,0.09018859478516106
2005-03-09 11:00:00,3.3,1308.0,3.575792687645489,0.27579268764548903
2005-03-09 12:00:00,2.3,1249.0,3.0006475825838588,0.700647582583859
2005-03-09 13:00:00,2.4,1282.0,3.0035705886685378,0.6035705886685379
2005-03-09 14:00:00,2.2,1253.0,2.815663088853196,0.615663088853196
2005-03-09 15:00:00,1.9,1222.0,2.534552863552088,0.6345528635520883
2005-03-09 16:00:00,1.7,1201.0,2.3808403860332894,0.6808403860332894
2005-03-09 17:00:00,1.9,1238.0,3.112709699876136,1.212709699876136
2005-03-09 18:00:00,3.8,1434.0,3.9822183678913508,0.18221836789135093
2005-03-09 19:00:00,5.3,1573.0,5.838471222224342,0.5384712222243424
2005-03-09 20:00:00,5.9,1552.0,5.653861111133426,0.2461388888665743
2005-03-09 21:00:00,5.5,1510.0,4.7728282270339,0.7271717729661002
2005-03-09 22:00:00,2.0,1165.0,2.145310721163199,0.1453107211631992
2005-03-09 23:00:00,1.8,1177.0,2.2967394276376885,0.4967394276376884
2005-03-10 00:00:00,1.6,1135.0,2.1238600225316837,0.5238600225316836
2005-03-10 01:00:00,1.3,1070.0,1.731026020932803,0.43102602093280296
2005-03-10 02:00:00,1.1,1034.0,1.5991791384322618,0.4991791384322617
2005-03-10 03:00:00,1.1,1014.0,1.3537919752583405,0.2537919752583404
2005-03-10 04:00:00,1.0,988.0,1.2105370712298114,0.21053707122981136
2005-03-10 05:00:00,0.8,975.0,1.1418461656460528,0.34184616564605275
2005-03-10 06:00:00,0.9,984.0,1.1560821529809004,0.2560821529809004
2005-03-10 07:00:00,1.3,1092.0,1.7248745660068738,0.4248745660068738
2005-03-10 08:00:00,4.1,1454.0,4.263601871888579,0.163601871888579
2005-03-10 09:00:00,3.9,1446.0,3.9447374576009686,0.0447374576009687
2005-03-10 10:00:00,3.5,1316.0,3.0216487715224365,0.4783512284775635
2005-03-10 11:00:00,2.7,1283.0,3.1215578382372473,0.42155783823724713
2005-03-10 12:00:00,2.3,1223.0,3.1053962295130533,0.8053962295130535
2005-03-10 13:00:00,2.3,1176.0,3.0611497336706774,0.7611497336706776
2005-03-10 14:00:00,2.1,1041.0,2.0680689172410625,0.031931082758937634
2005-03-10 15:00:00,2.2,1008.0,1.8942419061303384,0.3057580938696618
2005-03-10 16:00:00,1.8,962.0,1.444222451156221,0.3557775488437791
2005-03-10 17:00:00,1.9,1048.0,1.9949719092046594,0.09497190920465948
2005-03-10 18:00:00,2.7,1145.0,2.9048946529395026,0.20489465293950238
2005-03-10 19:00:00,4.7,1198.0,3.9901432692482683,0.7098567307517318
2005-03-10 20:00:00,5.4,1319.0,4.094541326804958,1.3054586731950426
2005-03-10 21:00:00,4.2,1274.0,3.29103620702268,0.9089637929773202
2005-03-10 22:00:00,2.1,1085.0,1.6158145721397874,0.4841854278602127
2005-03-10 23:00:00,1.4,1017.0,1.2691711071422458,0.13082889285775412
2005-03-11 00:00:00,1.4,1039.0,1.5709408657299977,0.17094086572999778
2005-03-11 01:00:00,1.4,1027.0,1.5905044979256724,0.19050449792567248
2005-03-11 02:00:00,1.0,952.0,1.152012545713643,0.15201254571364298
2005-03-11 03:00:00,0.8,930.0,1.0150082748239226,0.2150082748239226
2005-03-11 05:00:00,0.7,897.0,0.8211112234398554,0.12111122343985548
2005-03-11 06:00:00,0.6,928.0,0.9765302090026038,0.3765302090026038
2005-03-11 07:00:00,0.2,987.0,1.2679251994846548,1.0679251994846548
2005-03-11 08:00:00,1.5,1272.0,3.2995382969637292,1.7995382969637292
2005-03-11 09:00:00,3.5,1452.0,4.678872242876227,1.1788722428762268
2005-03-11 10:00:00,3.0,1415.0,3.212090604376778,0.21209060437677785
2005-03-11 12:00:00,1.0,1203.0,2.9708839451918423,1.9708839451918423
2005-03-11 13:00:00,1.5,1258.0,2.9057934704433155,1.4057934704433155
2005-03-11 14:00:00,2.2,1328.0,3.209180236383609,1.0091802363836089
2005-03-11 15:00:00,1.7,1260.0,2.8930229815114674,1.1930229815114675
2005-03-11 16:00:00,1.1,1201.0,2.5878233139379185,1.4878233139379184
2005-03-11 17:00:00,1.3,1161.0,2.5704054457412493,1.2704054457412493
2005-03-11 18:00:00,1.5,1254.0,3.249445778489611,1.7494457784896111
2005-03-11 19:00:00,3.4,1452.0,4.877324353599048,1.4773243535990477
2005-03-11 20:00:00,3.8,1438.0,4.628107234037137,0.8281072340371374
2005-03-11 21:00:00,2.8,1273.0,3.0683187514199406,0.26831875141994077
2005-03-11 22:00:00,0.8,1096.0,1.8644215897308636,1.0644215897308635
2005-03-11 23:00:00,0.5,1151.0,1.8774988938667636,1.3774988938667636
2005-03-12 00:00:00,1.0,1189.0,2.2895477170109166,1.2895477170109166
2005-03-12 01:00:00,0.4,1078.0,1.5589379250508304,1.1589379250508305
2005-03-12 02:00:00,0.4,1152.0,1.808534347835303,1.4085343478353032
2005-03-12 03:00:00,0.3,1128.0,1.682930526982395,1.382930526982395
2005-03-12 08:00:00,0.1,1053.0,1.0595761712532947,0.9595761712532948
2005-03-12 09:00:00,0.2,1140.0,1.4738109331323983,1.2738109331323983
2005-03-12 10:00:00,0.6,1136.0,1.511351054840514,0.911351054840514
2005-03-12 11:00:00,0.7,1180.0,1.7203874822908556,1.0203874822908556
2005-03-12 12:00:00,0.6,1131.0,1.637968404508038,1.037968404508038
2005-03-12 13:00:00,0.3,1083.0,1.4762510846637564,1.1762510846637564
2005-03-12 14:00:00,0.5,1120.0,1.7384574377548756,1.2384574377548756
2005-03-12 15:00:00,0.2,1038.0,1.4119987576683601,1.2119987576683602
2005-03-12 16:00:00,0.4,1096.0,1.5945438168521358,1.1945438168521356
2005-03-12 17:00:00,0.7,1126.0,1.963588165390973,1.263588165390973
2005-03-12 18:00:00,0.9,1153.0,2.235803336658965,1.335803336658965
2005-03-12 19:00:00,0.8,1177.0,2.1541243064607087,1.3541243064607087
2005-03-12 20:00:00,2.4,1383.0,3.040653838375602,0.6406538383756022
2005-03-12 21:00:00,3.3,1363.0,2.9981120944518445,0.30188790554815537
2005-03-12 22:00:00,0.9,1087.0,1.6110736128469363,0.7110736128469363
2005-03-12 23:00:00,0.1,1028.0,1.3793249526307891,1.279324952630789
2005-03-13 00:00:00,0.1,1017.0,1.3853258153794654,1.2853258153794653
2005-03-13 01:00:00,0.1,1050.0,1.4314638161325788,1.3314638161325787
2005-03-13 02:00:00,0.2,1023.0,1.2491441271376624,1.0491441271376625
2005-03-13 09:00:00,0.1,1034.0,1.1745737262877658,1.0745737262877657
2005-03-13 10:00:00,0.3,1160.0,1.6455009882322635,1.3455009882322635
2005-03-13 11:00:00,1.0,1283.0,2.1926099973044195,1.1926099973044195
2005-03-13 12:00:00,1.6,1387.0,2.714327674855294,1.1143276748552937
2005-03-13 13:00:00,1.4,1325.0,2.3197059880390296,0.9197059880390297
2005-03-13 14:00:00,0.3,1057.0,1.3075524417981779,1.0075524417981778
2005-03-13 15:00:00,0.1,1078.0,1.271410047433286,1.1714100474332858
2005-03-13 16:00:00,0.3,1159.0,1.5589109820184497,1.2589109820184496
2005-03-13 17:00:00,0.5,1195.0,1.806620796758374,1.306620796758374
2005-03-13 18:00:00,0.8,1217.0,2.2368685032542475,1.4368685032542474
2005-03-13 19:00:00,3.2,1542.0,3.9343059750355174,0.7343059750355172
2005-03-13 20:00:00,2.8,1407.0,2.606514313058483,0.1934856869415169
2005-03-13 21:00:00,1.0,1189.0,2.37896945916301,1.37896945916301
2005-03-13 22:00:00,0.9,1208.0,2.384700252368596,1.484700252368596
2005-03-13 23:00:00,0.9,1207.0,2.120819215908934,1.220819215908934
2005-03-14 00:00:00,0.4,1056.0,1.2571605349193349,0.8571605349193349
2005-03-14 01:00:00,0.4,1128.0,1.4367478937039238,1.0367478937039238
2005-03-14 02:00:00,0.3,1119.0,1.6384099039446423,1.3384099039446422
2005-03-14 03:00:00,0.1,1077.0,1.3563604025087788,1.2563604025087787
2005-03-14 05:00:00,0.8,1016.0,1.0252818959916319,0.22528189599163184
2005-03-14 06:00:00,1.0,1103.0,1.5373808239974494,0.5373808239974494
2005-03-14 07:00:00,1.6,1176.0,1.8217081817016048,0.22170818170160467
2005-03-14 08:00:00,3.5,1430.0,3.0892755405177588,0.41072445948224123
2005-03-14 09:00:00,4.0,1572.0,4.822021447985271,0.8220214479852714
2005-03-14 10:00:00,3.5,1243.0,2.7515888989134787,0.7484111010865213
2005-03-14 11:00:00,1.6,1101.0,1.8127931861912847,0.21279318619128462
2005-03-14 12:00:00,1.5,1103.0,1.8911988658803462,0.39119886588034625
2005-03-14 13:00:00,1.5,1116.0,1.8018384917260901,0.3018384917260901
2005-03-14 14:00:00,1.7,1141.0,1.9307635852916873,0.2307635852916874
2005-03-14 15:00:00,1.6,1151.0,1.8925588935211601,0.29255889352116005
2005-03-14 16:00:00,2.4,1263.0,2.1395981016792334,0.26040189832076654
2005-03-14 17:00:00,3.4,1324.0,3.205218148980282,0.19478185101971812
2005-03-14 18:00:00,5.4,1533.0,5.083410980859427,0.31658901914057314
2005-03-14 19:00:00,6.5,1626.0,5.745749509747175,0.7542504902528249
2005-03-14 20:00:00,6.5,1639.0,5.808770675420114,0.6912293245798864
2005-03-14 21:00:00,4.0,1346.0,3.10109116217354,0.8989088378264598
2005-03-14 22:00:00,2.1,1218.0,2.3572067869307487,0.2572067869307486
2005-03-14 23:00:00,1.6,1166.0,2.1147967340254974,0.5147967340254973
2005-03-15 00:00:00,1.5,1095.0,1.5424260432751735,0.04242604327517352
2005-03-15 01:00:00,0.7,958.0,0.8951607500955566,0.19516075009555667
2005-03-15 02:00:00,0.7,960.0,0.7624240405190924,0.06242404051909245
2005-03-15 03:00:00,0.6,972.0,0.8572019495134252,0.25720194951342523
2005-03-15 04:00:00,0.5,911.0,0.5050765350168201,0.0050765350168201495
2005-03-15 05:00:00,0.4,923.0,0.6131097783156547,0.2131097783156547
2005-03-15 06:00:00,0.6,981.0,1.0347326711345852,0.43473267113458525
2005-03-15 07:00:00,0.9,1038.0,1.168733114852055,0.268733114852055
2005-03-15 08:00:00,2.6,1370.0,3.225922684405061,0.6259226844050607
2005-03-15 09:00:00,3.3,1471.0,3.9737363203338427,0.6737363203338429
2005-03-15 10:00:00,4.0,1447.0,3.4414021969399657,0.5585978030600343
2005-03-15 11:00:00,3.1,1329.0,2.8503262364445083,0.24967376355549176
2005-03-15 12:00:00,2.2,1197.0,2.3848288934565365,0.1848288934565363
2005-03-15 13:00:00,2.1,1198.0,2.1983835956800006,0.09838359568000055
2005-03-15 14:00:00,2.2,1171.0,2.3485346445120276,0.14853464451202747
2005-03-15 15:00:00,1.9,1191.0,2.3902190094185713,0.49021900941857144
2005-03-15 16:00:00,2.5,1213.0,2.6271107299484346,0.12711072994843464
2005-03-15 17:00:00,2.9,1258.0,3.1487644113727744,0.2487644113727745
2005-03-15 18:00:00,3.9,1413.0,4.153964347319722,0.25396434731972173
2005-03-15 19:00:00,6.3,1610.0,5.840977950122894,0.45902204987710604
2005-03-15 20:00:00,7.4,1710.0,6.041615684807045,1.3583843151929553
2005-03-15 21:00:00,5.7,1515.0,4.265463414205708,1.4345365857942918
2005-03-15 22:00:00,2.3,1199.0,2.3255695993764607,0.02556959937646086
2005-03-15 23:00:00,1.5,1128.0,2.030204791818823,0.5302047918188229
2005-03-16 00:00:00,1.4,1108.0,1.7607107708041578,0.3607107708041579
2005-03-16 01:00:00,1.1,1038.0,1.3842550211719473,0.28425502117194723
2005-03-16 02:00:00,0.9,1004.0,1.0605945653500233,0.16059456535002326
2005-03-16 03:00:00,0.7,969.0,0.9155869934606755,0.21558699346067556
2005-03-16 04:00:00,0.6,938.0,0.8481109285286138,0.24811092852861383
2005-03-16 05:00:00,0.6,927.0,0.7813309497383052,0.1813309497383052
2005-03-16 06:00:00,0.8,977.0,1.028550162901171,0.22855016290117103
2005-03-16 07:00:00,1.0,1011.0,1.0569885917194333,0.05698859171943327
2005-03-16 08:00:00,2.1,1228.0,2.3880007939849244,0.2880007939849243
2005-03-16 09:00:00,4.2,1521.0,5.097626542252479,0.8976265422524792
2005-03-16 10:00:00,4.3,1425.0,3.566894746678445,0.733105253321555
2005-03-16 11:00:00,3.2,1339.0,3.075458152075395,0.12454184792460499
2005-03-16 12:00:00,2.8,1310.0,2.8471450336592716,0.04714503365927181
2005-03-16 13:00:00,2.4,1250.0,2.6898756801622166,0.28987568016221665
2005-03-16 14:00:00,2.5,1181.0,2.4484258807836006,0.05157411921639943
2005-03-16 15:00:00,2.9,1272.0,3.1579068008711086,0.25790680087110873
2005-03-16 16:00:00,3.0,1231.0,2.6224785911601987,0.37752140883980134
2005-03-16 17:00:00,3.6,1286.0,3.5870243305025564,0.012975669497443665
2005-03-16 18:00:00,3.5,1315.0,3.568969388908963,0.06896938890896287
2005-03-16 19:00:00,4.8,1494.0,4.826456782185619,0.026456782185618977
2005-03-16 20:00:00,4.4,1494.0,4.584741016172883,0.1847410161728824
2005-03-16 21:00:00,4.9,1545.0,4.878240822173892,0.021759177826107923
2005-03-16 22:00:00,2.9,1354.0,2.413891862393799,0.48610813760620086
2005-03-16 23:00:00,2.1,1301.0,2.2595778987623687,0.1595778987623686
2005-03-17 00:00:00,1.6,1144.0,2.114381674032061,0.514381674032061
2005-03-17 01:00:00,1.2,1080.0,1.6010838857423297,0.4010838857423298
2005-03-17 02:00:00,0.9,1013.0,1.1960262448297079,0.29602624482970785
2005-03-17 03:00:00,0.7,966.0,0.8963772272657194,0.1963772272657195
2005-03-17 05:00:00,0.5,919.0,0.7638583465914568,0.2638583465914568
2005-03-17 06:00:00,0.6,953.0,0.9908195197823888,0.3908195197823888
2005-03-17 07:00:00,1.3,1117.0,1.7592172603217968,0.45921726032179677
2005-03-17 08:00:00,3.8,1485.0,4.373850890655418,0.5738508906554181
2005-03-17 09:00:00,5.6,1583.0,5.266984847348803,0.3330151526511971
2005-03-17 10:00:00,4.4,1448.0,3.364098409826509,1.0359015901734914
2005-03-17 11:00:00,3.0,1294.0,2.6349511250510296,0.3650488749489704
2005-03-17 12:00:00,2.2,1269.0,2.5021259224622843,0.3021259224622841
2005-03-17 13:00:00,2.0,1247.0,2.4369120042634598,0.4369120042634598
2005-03-17 14:00:00,2.2,1239.0,2.439377244805674,0.23937724480567368
2005-03-17 15:00:00,2.1,1199.0,2.497111214080161,0.3971112140801609
2005-03-17 16:00:00,2.2,1216.0,2.2380973957565504,0.038097395756550245
2005-03-17 17:00:00,1.9,1131.0,2.184847587598853,0.2848475875988532
2005-03-17 18:00:00,2.7,1300.0,3.1821204050901533,0.4821204050901531
2005-03-17 19:00:00,3.9,1358.0,3.9929086893083707,0.09290868930837082
2005-03-17 20:00:00,5.6,1492.0,5.101095979016408,0.4989040209835913
2005-03-17 21:00:00,4.9,1413.0,3.627213800396249,1.2727861996037513
2005-03-17 22:00:00,2.2,1210.0,2.42313909065668,0.2231390906566797
2005-03-17 23:00:00,1.9,1196.0,2.289089090644099,0.38908909064409913
2005-03-18 00:00:00,1.4,1101.0,1.9476794527966048,0.5476794527966049
2005-03-18 01:00:00,1.3,1076.0,1.6421278967879742,0.3421278967879742
2005-03-18 02:00:00,1.1,1040.0,1.53535724425549,0.43535724425548983
2005-03-18 03:00:00,0.9,989.0,1.2717274999303423,0.37172749993034226
2005-03-18 04:00:00,0.9,966.0,1.0407937285135405,0.14079372851354044
2005-03-18 05:00:00,0.7,912.0,0.8782592044971858,0.1782592044971858
2005-03-18 06:00:00,0.8,960.0,1.0763412504353889,0.2763412504353888
2005-03-18 07:00:00,1.2,1028.0,1.5644214798482021,0.36442147984820217
2005-03-18 08:00:00,2.9,1375.0,3.6683783329357276,0.7683783329357277
2005-03-18 09:00:00,5.4,1522.0,4.962633091099808,0.43736690890019236
2005-03-18 10:00:00,4.3,1400.0,3.6894707228508534,0.6105292771491464
2005-03-18 11:00:00,3.1,1323.0,3.1129386624309547,0.01293866243095465
2005-03-18 12:00:00,2.4,1250.0,2.550374937384992,0.15037493738499208
2005-03-18 13:00:00,2.3,1283.0,2.685334025046904,0.3853340250469044
2005-03-18 14:00:00,2.3,1171.0,1.9954037323917184,0.3045962676082814
2005-03-18 15:00:00,2.3,1264.0,2.4222761725189947,0.12227617251899492
2005-03-18 16:00:00,3.4,1301.0,2.7190024573778775,0.6809975426221224
2005-03-18 17:00:00,3.7,1321.0,3.3498222291454756,0.3501777708545246
2005-03-18 18:00:00,4.1,1343.0,3.768499628549715,0.33150037145028444
2005-03-18 19:00:00,5.6,1493.0,5.194361116235564,0.4056388837644356
2005-03-18 20:00:00,5.3,1545.0,5.0516964736380245,0.24830352636197528
2005-03-18 21:00:00,4.9,1477.0,4.310053418340854,0.589946581659146
2005-03-18 22:00:00,2.0,1202.0,2.1263933588897626,0.12639335888976255
2005-03-18 23:00:00,1.9,1236.0,2.1102740609153887,0.2102740609153888
2005-03-19 00:00:00,2.2,1206.0,2.0929488582952684,0.10705114170473173
2005-03-19 01:00:00,1.9,1192.0,2.0941334493911663,0.1941334493911664
2005-03-19 02:00:00,1.1,1044.0,1.124630730759265,0.024630730759264807
2005-03-19 03:00:00,1.0,1053.0,1.1088511962244343,0.10885119622443429
2005-03-19 04:00:00,0.9,1023.0,0.9600755926036211,0.06007559260362105
2005-03-19 05:00:00,0.9,1005.0,0.85283585744824,0.04716414255176005
2005-03-19 06:00:00,0.7,959.0,0.7532750677770301,0.05327506777703017
2005-03-19 07:00:00,1.0,1049.0,1.192351778317798,0.19235177831779793
2005-03-19 08:00:00,2.0,1255.0,2.5976028774788666,0.5976028774788666
2005-03-19 09:00:00,2.7,1285.0,3.144588038474076,0.4445880384740759
2005-03-19 10:00:00,2.5,1254.0,2.8225533378470438,0.32255333784704376
2005-03-19 11:00:00,2.4,1253.0,2.51889278510937,0.11889278510937018
2005-03-19 12:00:00,2.2,1242.0,2.286023295488148,0.08602329548814769
2005-03-19 13:00:00,2.1,1212.0,2.1880837438816294,0.08808374388162932
2005-03-19 14:00:00,1.8,1165.0,1.822864043042296,0.022864043042295945
2005-03-19 15:00:00,1.4,1136.0,1.5046956613556426,0.10469566135564268
2005-03-19 16:00:00,2.1,1233.0,2.0845063031686903,0.015493696831309745
2005-03-19 17:00:00,1.7,1177.0,1.8081136334948038,0.10811363349480385
2005-03-19 18:00:00,1.9,1223.0,2.355501909727661,0.45550190972766114
2005-03-19 19:00:00,2.7,1360.0,3.1951160854046026,0.4951160854046024
2005-03-19 20:00:00,3.2,1435.0,3.2181306294673986,0.018130629467398407
2005-03-19 21:00:00,3.3,1305.0,2.8026266296250357,0.4973733703749641
2005-03-19 22:00:00,2.3,1199.0,2.2351980139122514,0.06480198608774845
2005-03-19 23:00:00,1.9,1217.0,2.517957794026032,0.6179577940260321
2005-03-20 00:00:00,1.9,1200.0,2.125902075695797,0.22590207569579723
2005-03-20 01:00:00,1.9,1150.0,1.8059505244050702,0.09404947559492971
2005-03-20 02:00:00,1.5,1086.0,1.4597921050833664,0.04020789491663357
2005-03-20 03:00:00,1.1,1027.0,1.1464435214694009,0.046443521469400784
2005-03-20 05:00:00,0.8,985.0,0.8691733956401528,0.06917339564015279
2005-03-20 06:00:00,0.6,934.0,0.6360544009652495,0.03605440096524948
2005-03-20 07:00:00,0.7,977.0,0.8725646957802063,0.1725646957802064
2005-03-20 08:00:00,0.7,970.0,0.9873088560646721,0.28730885606467216
2005-03-20 09:00:00,1.0,1041.0,1.17499501593729,0.17499501593728994
2005-03-20 10:00:00,1.5,1144.0,1.6593554187606077,0.15935541876060766
2005-03-20 11:00:00,2.4,1209.0,2.1592858812316345,0.24071411876836546
2005-03-20 12:00:00,1.6,1083.0,1.3879592891606758,0.2120407108393243
2005-03-20 13:00:00,1.2,1063.0,1.2548849306257843,0.05488493062578437
2005-03-20 14:00:00,0.9,988.0,1.0416606011618912,0.14166060116189116
2005-03-20 15:00:00,0.9,1060.0,1.2012964783945197,0.3012964783945197
2005-03-20 16:00:00,1.1,1087.0,1.3050094271240642,0.20500942712406411
2005-03-20 17:00:00,1.4,1153.0,1.5772339595491836,0.17723395954918364
2005-03-20 18:00:00,1.7,1167.0,2.0420325807371675,0.3420325807371676
2005-03-20 19:00:00,2.9,1370.0,2.8529021205682144,0.04709787943178556
2005-03-20 20:00:00,4.0,1403.0,2.895876239134602,1.1041237608653982
2005-03-20 21:00:00,4.0,1364.0,2.8011641203747386,1.1988358796252614
2005-03-20 22:00:00,1.9,1111.0,1.6265530479148491,0.2734469520851508
2005-03-20 23:00:00,1.5,1091.0,1.507059931840853,0.007059931840853073
2005-03-21 00:00:00,1.5,1107.0,1.445996711128307,0.054003288871693034
2005-03-21 01:00:00,1.6,1095.0,1.278549333474182,0.3214506665258181
2005-03-21 02:00:00,1.1,1027.0,1.0559261603239412,0.044073839676058935
2005-03-21 03:00:00,0.8,996.0,0.8820114833075777,0.08201148330757768
2005-03-21 04:00:00,0.7,955.0,0.6575058390174244,0.042494160982575524
2005-03-21 05:00:00,0.6,947.0,0.6208546916943238,0.020854691694323857
2005-03-21 06:00:00,0.7,1003.0,0.8173979711478332,0.11739797114783324
2005-03-21 07:00:00,1.3,1120.0,1.408650013999232,0.10865001399923191
2005-03-21 08:00:00,3.2,1476.0,3.18267882175644,0.017321178243560276
2005-03-21 09:00:00,6.1,1653.0,5.621763695316317,0.4782363046836826
2005-03-21 10:00:00,4.3,1403.0,2.6826449683516143,1.6173550316483856
2005-03-21 11:00:00,2.6,1241.0,2.498284030238756,0.1017159697612442
2005-03-21 12:00:00,2.0,1176.0,2.1076519536515854,0.10765195365158542
2005-03-21 13:00:00,1.8,1160.0,1.7390329360222367,0.0609670639777633
2005-03-21 14:00:00,2.1,1224.0,2.147818003418816,0.04781800341881581
2005-03-21 15:00:00,2.1,1175.0,1.9620645988106942,0.13793540118930592
2005-03-21 16:00:00,2.0,1235.0,2.0990544557539335,0.09905445575393346
2005-03-21 17:00:00,2.6,1288.0,2.597320565615156,0.0026794343848441926
2005-03-21 18:00:00,4.5,1512.0,4.443681183011142,0.05631881698885799
2005-03-21 19:00:00,6.4,1609.0,5.820616108251744,0.5793838917482566
2005-03-21 20:00:00,6.0,1537.0,5.109673387738982,0.8903266122610178
2005-03-21 21:00:00,3.8,1315.0,2.4799917529572846,1.3200082470427152
2005-03-21 22:00:00,2.1,1155.0,1.889709617366062,0.21029038263393818
2005-03-21 23:00:00,1.2,1033.0,1.3700121301452624,0.1700121301452624
2005-03-22 00:00:00,1.3,1078.0,1.345449030774179,0.045449030774179056
2005-03-22 01:00:00,1.5,1069.0,1.6478464443964893,0.1478464443964893
2005-03-22 02:00:00,0.9,952.0,0.8002615360121731,0.09973846398782693
2005-03-22 03:00:00,0.7,910.0,0.5754079472318503,0.12459205276814966
2005-03-22 04:00:00,0.5,878.0,0.49914922870366246,0.000850771296337538
2005-03-22 05:00:00,0.6,899.0,0.5662560090666512,0.03374399093334879
2005-03-22 06:00:00,0.7,939.0,0.7401804796966758,0.04018047969667582
2005-03-22 07:00:00,0.9,1001.0,0.9087378563826167,0.008737856382616704
2005-03-22 08:00:00,2.2,1303.0,3.029738226801994,0.8297382268019939
2005-03-22 09:00:00,4.7,1557.0,5.244823940872128,0.5448239408721278
2005-03-22 10:00:00,4.5,1402.0,3.2887762956305844,1.2112237043694156
2005-03-22 11:00:00,3.1,1380.0,3.182720813769807,0.08272081376980678
2005-03-22 12:00:00,2.8,1350.0,3.0233257521696357,0.2233257521696359
2005-03-22 13:00:00,2.4,1283.0,2.656684632342606,0.2566846323426062
2005-03-22 14:00:00,2.5,1293.0,2.769654475140944,0.269654475140944
2005-03-22 15:00:00,2.0,1197.0,2.0281777741893148,0.028177774189314775
2005-03-22 16:00:00,1.7,1142.0,1.8243297029334895,0.12432970293348955
2005-03-22 17:00:00,1.7,1147.0,1.9355686251274538,0.2355686251274538
2005-03-22 18:00:00,3.3,1448.0,4.15129514236188,0.85129514236188
2005-03-22 19:00:00,4.5,1487.0,4.353743254997978,0.14625674500202202
2005-03-22 20:00:00,5.8,1476.0,4.5553041485420405,1.2446958514579594
2005-03-22 21:00:00,4.3,1282.0,2.6959318940799957,1.6040681059200042
2005-03-22 22:00:00,3.0,1147.0,1.5316466721063922,1.4683533278936078
2005-03-22 23:00:00,2.8,1130.0,1.5283628851803857,1.2716371148196142
2005-03-23 00:00:00,2.7,1154.0,1.6446258643701324,1.0553741356298678
2005-03-23 01:00:00,2.4,1049.0,1.2117155299176143,1.1882844700823856
2005-03-23 02:00:00,2.2,1056.0,1.1739267862749443,1.0260732137250559
2005-03-23 03:00:00,2.0,1011.0,0.8868528981533546,1.1131471018466454
2005-03-23 05:00:00,0.5,976.0,0.7741854019763704,0.2741854019763704
2005-03-23 06:00:00,0.7,1050.0,1.0774982791116423,0.37749827911164235
2005-03-23 07:00:00,1.2,1143.0,1.4446860110304127,0.24468601103041276
2005-03-23 08:00:00,3.9,1606.0,4.951212954218624,1.0512129542186242
2005-03-23 09:00:00,4.9,1592.0,5.184111707580281,0.2841117075802808
2005-03-23 10:00:00,4.6,1510.0,4.012861225999869,0.587138774000131
2005-03-23 11:00:00,3.4,1421.0,3.358057619569867,0.041942380430132875
2005-03-23 12:00:00,2.0,1169.0,2.3778678467092305,0.37786784670923046
2005-03-23 13:00:00,1.9,1187.0,2.4210543051602578,0.5210543051602579
2005-03-23 14:00:00,2.4,1171.0,2.547137626903201,0.1471376269032012
2005-03-23 15:00:00,2.4,1175.0,2.7551693298739566,0.35516932987395666
2005-03-23 16:00:00,2.2,1216.0,2.967778019388507,0.7677780193885066
2005-03-23 17:00:00,2.5,1239.0,3.309766958707642,0.8097669587076419
2005-03-23 18:00:00,3.9,1463.0,4.912598928458719,1.012598928458719
2005-03-23 19:00:00,6.2,1616.0,6.019558595574799,0.18044140442520096
2005-03-23 20:00:00,7.2,1663.0,6.1590391805746165,1.0409608194253837
2005-03-23 21:00:00,3.9,1445.0,3.20774319587035,0.69225680412965
2005-03-23 22:00:00,2.4,1293.0,2.505236505123631,0.10523650512363103
2005-03-23 23:00:00,2.3,1354.0,2.5171881358985857,0.21718813589858588
2005-03-24 00:00:00,1.9,1251.0,2.026955820531841,0.1269558205318413
2005-03-24 01:00:00,1.7,1222.0,1.9634079679007854,0.26340796790078547
2005-03-24 02:00:00,0.9,1044.0,1.3595246962049212,0.4595246962049212
2005-03-24 03:00:00,0.7,1006.0,1.122169576215757,0.4221695762157571
2005-03-24 04:00:00,0.5,953.0,0.8137054921959141,0.31370549219591415
2005-03-24 05:00:00,0.4,959.0,0.8439392863717582,0.44393928637175817
2005-03-24 06:00:00,0.4,949.0,0.837047247207572,0.43704724720757193
2005-03-24 07:00:00,0.7,1073.0,1.3922111807819066,0.6922111807819067
2005-03-24 08:00:00,3.1,1499.0,3.821118340550728,0.7211183405507278
2005-03-24 09:00:00,3.4,1404.0,3.3295584580430595,0.07044154195694041
2005-03-24 10:00:00,3.5,1465.0,3.990308679499865,0.490308679499865
2005-03-24 11:00:00,3.2,1474.0,3.3967427101554026,0.19674271015540246
2005-03-24 12:00:00,3.2,1611.0,4.64567957714933,1.4456795771493303
2005-03-24 13:00:00,3.3,1590.0,4.4813297664975025,1.1813297664975027
2005-03-24 14:00:00,3.0,1422.0,2.9354907540516666,0.0645092459483334
2005-03-24 15:00:00,2.0,1273.0,2.5057456947283256,0.5057456947283256
2005-03-24 16:00:00,2.3,1296.0,2.7884149794755997,0.48841497947559986
2005-03-24 17:00:00,2.2,1247.0,2.703261779714396,0.5032617797143959
2005-03-24 18:00:00,2.7,1359.0,3.422225054829965,0.7222250548299649
2005-03-24 19:00:00,5.9,1726.0,5.946568840539869,0.04656884053986854
2005-03-24 20:00:00,7.5,1818.0,6.635055468301474,0.8649445316985256
2005-03-24 21:00:00,5.0,1667.0,5.36816964552701,0.3681696455270096
2005-03-24 22:00:00,4.0,1549.0,3.9847562550283446,0.01524374497165537
2005-03-24 23:00:00,2.7,1385.0,2.532802298067162,0.16719770193283834
2005-03-25 00:00:00,2.0,1320.0,2.257129810301915,0.25712981030191484
2005-03-25 01:00:00,1.5,1205.0,2.090443663905052,0.5904436639050519
2005-03-25 02:00:00,1.0,1099.0,1.4138201561210502,0.41382015612105016
2005-03-25 03:00:00,1.0,1106.0,1.335467942156164,0.33546794215616393
2005-03-25 04:00:00,0.9,1099.0,1.2938427695855372,0.3938427695855372
2005-03-25 05:00:00,0.8,1042.0,1.141324440736249,0.341324440736249
2005-03-25 06:00:00,0.6,980.0,0.9131111235143062,0.31311112351430626
2005-03-25 07:00:00,1.0,1138.0,1.2234377236980745,0.22343772369807446
2005-03-25 08:00:00,3.2,1517.0,3.4647557141143195,0.2647557141143193
2005-03-25 09:00:00,4.3,1537.0,4.6152581125020635,0.3152581125020637
2005-03-25 10:00:00,2.7,1296.0,2.649803481253164,0.05019651874683628
2005-03-25 11:00:00,1.6,1255.0,2.237112248415938,0.6371122484159377
2005-03-25 12:00:00,1.4,1367.0,2.6555780391127284,1.2555780391127285
2005-03-25 13:00:00,2.3,1473.0,3.2670590094442913,0.9670590094442915
2005-03-25 14:00:00,2.1,1422.0,3.0507595680777015,0.9507595680777015
2005-03-25 15:00:00,1.4,1378.0,2.691616380527488,1.291616380527488
2005-03-25 16:00:00,3.4,1446.0,3.143730467652223,0.25626953234777705
2005-03-25 17:00:00,3.8,1473.0,3.506464165206157,0.2935358347938428
2005-03-25 18:00:00,4.9,1619.0,4.932889000674219,0.03288900067421885
2005-03-25 19:00:00,5.7,1673.0,5.386442381421815,0.3135576185781854
2005-03-25 20:00:00,5.5,1605.0,4.689854181147774,0.8101458188522264
2005-03-25 21:00:00,3.9,1460.0,3.773805899095487,0.1261941009045131
2005-03-25 22:00:00,3.1,1407.0,2.835631870186932,0.264368129813068
2005-03-25 23:00:00,2.0,1286.0,2.6737245052585696,0.6737245052585696
2005-03-26 00:00:00,2.5,1372.0,2.3748115480874095,0.12518845191259054
2005-03-26 01:00:00,2.2,1312.0,2.300784954313203,0.10078495431320267
2005-03-26 02:00:00,1.5,1205.0,2.0214741589027243,0.5214741589027243
2005-03-26 03:00:00,1.2,1167.0,1.7815248213987804,0.5815248213987805
2005-03-26 05:00:00,0.8,1126.0,1.4397972519469164,0.6397972519469164
2005-03-26 06:00:00,0.1,1121.0,1.4323237554889332,1.3323237554889331
2005-03-26 07:00:00,1.1,1135.0,1.4778806668473852,0.3778806668473851
2005-03-26 08:00:00,1.7,1248.0,2.2432641121441024,0.5432641121441024
2005-03-26 09:00:00,2.1,1325.0,2.5285953343630947,0.4285953343630946
2005-03-26 10:00:00,2.3,1347.0,2.5417558080906537,0.2417558080906539
2005-03-26 11:00:00,2.1,1317.0,2.624068931960263,0.5240689319602629
2005-03-26 12:00:00,1.9,1243.0,2.2302301568894842,0.3302301568894843
2005-03-26 13:00:00,1.7,1169.0,1.9450075890413292,0.24500758904132924
2005-03-26 14:00:00,1.3,1085.0,1.3930666213391414,0.09306662133914134
2005-03-26 15:00:00,1.3,1177.0,1.9768422509102426,0.6768422509102425
2005-03-26 16:00:00,1.6,1207.0,1.9860840065617036,0.3860840065617035
2005-03-26 17:00:00,2.2,1269.0,2.254702186082235,0.05470218608223476
2005-03-26 18:00:00,2.3,1205.0,2.496178240290666,0.19617824029066622
2005-03-26 19:00:00,2.2,1218.0,2.4417861771240594,0.24178617712405925
2005-03-26 20:00:00,2.0,1183.0,2.267123232304915,0.2671232323049151
2005-03-26 21:00:00,2.3,1242.0,2.570965962393176,0.27096596239317616
2005-03-26 22:00:00,2.2,1263.0,2.4116559870081384,0.21165598700813826
2005-03-26 23:00:00,1.6,1139.0,1.760437009504913,0.16043700950491302
2005-03-27 00:00:00,1.6,1166.0,1.9961514204272761,0.396151420427276
2005-03-27 01:00:00,1.3,1079.0,1.5282912209906205,0.2282912209906205
2005-03-27 02:00:00,1.0,1008.0,1.127495764653068,0.1274957646530681
2005-03-27 03:00:00,1.0,1034.0,1.2510867225681817,0.25108672256818165
2005-03-27 04:00:00,1.0,1001.0,0.9960740881402955,0.003925911859704478
2005-03-27 05:00:00,0.8,977.0,0.9018074621396156,0.10180746213961556
2005-03-27 06:00:00,0.7,986.0,0.9213099997057934,0.22130999970579346
2005-03-27 07:00:00,1.1,1082.0,1.227388590456186,0.127388590456186
2005-03-27 08:00:00,1.1,1068.0,1.16203531698959,0.06203531698958997
2005-03-27 09:00:00,1.1,1136.0,1.4878201419925892,0.3878201419925891
2005-03-27 10:00:00,1.4,1184.0,1.5874680011141826,0.18746800111418271
2005-03-27 11:00:00,1.3,1179.0,1.5569350081041182,0.2569350081041182
2005-03-27 12:00:00,1.5,1182.0,1.811138746716792,0.3111387467167921
2005-03-27 13:00:00,1.3,1082.0,1.408824835058939,0.10882483505893892
2005-03-27 14:00:00,0.8,996.0,1.0787239399721598,0.2787239399721597
2005-03-27 15:00:00,0.9,1024.0,1.245180523581353,0.34518052358135287
2005-03-27 16:00:00,1.4,1093.0,1.4276441210080308,0.02764412100803093
2005-03-27 17:00:00,1.8,1170.0,1.7600824417878083,0.039917558212191784
2005-03-27 18:00:00,1.6,1153.0,1.6860531791319848,0.08605317913198474
2005-03-27 19:00:00,1.8,1220.0,2.301502546667778,0.5015025466677778
2005-03-27 20:00:00,2.1,1218.0,2.4863590813569014,0.38635908135690133
2005-03-27 21:00:00,1.9,1172.0,2.3126186834054927,0.4126186834054928
2005-03-27 22:00:00,1.7,1182.0,2.099637830316926,0.3996378303169259
2005-03-27 23:00:00,1.9,1160.0,1.942693201559376,0.04269320155937617
2005-03-28 00:00:00,1.6,1106.0,1.3415887858660556,0.2584112141339445
2005-03-28 01:00:00,1.2,1031.0,1.0682365937284064,0.13176340627159355
2005-03-28 02:00:00,1.0,1015.0,0.8365275484032234,0.1634724515967766
2005-03-28 03:00:00,1.0,1003.0,0.7916664682847684,0.2083335317152316
2005-03-28 04:00:00,0.8,951.0,0.5104843298126074,0.28951567018739266
2005-03-28 05:00:00,0.6,938.0,0.47846413535835786,0.12153586464164212
2005-03-28 06:00:00,0.6,933.0,0.5204313366706563,0.07956866332934365
2005-03-28 07:00:00,1.0,1010.0,0.8706075663340667,0.12939243366593334
2005-03-28 08:00:00,1.0,1025.0,1.081381334860614,0.08138133486061405
2005-03-28 09:00:00,1.3,1086.0,1.3070907456113776,0.007090745611377569
2005-03-28 10:00:00,1.5,1111.0,1.3684901852143154,0.13150981478568458
2005-03-28 11:00:00,1.6,1129.0,1.365787339319451,0.23421266068054902
2005-03-28 12:00:00,1.4,1097.0,1.3072394044418552,0.09276059555814475
2005-03-28 13:00:00,1.4,1029.0,1.1743795783535744,0.22562042164642548
2005-03-28 14:00:00,1.2,1071.0,1.2704385538662362,0.07043855386623621
2005-03-28 15:00:00,1.3,1053.0,1.188695834202587,0.11130416579741298
2005-03-28 16:00:00,1.4,1055.0,1.2375871314416378,0.16241286855836212
2005-03-28 17:00:00,1.6,1176.0,1.558946014218189,0.041053985781811075
2005-03-28 18:00:00,2.8,1293.0,2.1184417874346226,0.6815582125653772
2005-03-28 19:00:00,3.7,1307.0,2.506825778046616,1.193174221953384
2005-03-28 20:00:00,2.9,1163.0,2.1161065140036768,0.7838934859963231
2005-03-28 21:00:00,1.8,1103.0,1.6687313164680546,0.13126868353194543
2005-03-28 22:00:00,1.6,1120.0,1.46664846482641,0.1333515351735901
2005-03-28 23:00:00,1.7,1107.0,1.4744341040513282,0.2255658959486717
2005-03-29 00:00:00,1.5,1078.0,1.3640670282777028,0.13593297172229724
2005-03-29 01:00:00,1.0,963.0,0.910349368208724,0.08965063179127597
2005-03-29 02:00:00,0.8,923.0,0.7216958223678674,0.0783041776321326
2005-03-29 03:00:00,0.5,853.0,0.39921161601580146,0.10078838398419854
2005-03-29 05:00:00,0.5,921.0,0.5804185245369472,0.0804185245369472
2005-03-29 06:00:00,1.0,1031.0,1.0800447887978308,0.08004478879783083
2005-03-29 07:00:00,3.0,1371.0,2.59187305742119,0.4081269425788099
2005-03-29 08:00:00,5.1,1519.0,4.504355664930684,0.5956443350693155
2005-03-29 09:00:00,4.3,1409.0,3.010725132735448,1.289274867264552
2005-03-29 10:00:00,3.3,1303.0,2.6561300688164837,0.6438699311835161
2005-03-29 11:00:00,2.4,1184.0,2.2799149252267505,0.12008507477324937
2005-03-29 12:00:00,2.4,1202.0,2.2115541626440582,0.18844583735594167
2005-03-29 13:00:00,2.5,1197.0,2.237926241071847,0.2620737589281532
2005-03-29 14:00:00,2.3,1234.0,2.4328027485324513,0.13280274853245144
2005-03-29 15:00:00,2.7,1247.0,2.4732999122777053,0.22670008772229489
2005-03-29 16:00:00,2.7,1234.0,2.436154373956078,0.26384562604392237
2005-03-29 17:00:00,3.3,1339.0,3.202754091070073,0.0972459089299269
2005-03-29 18:00:00,3.9,1331.0,3.160038987395069,0.739961012604931
2005-03-29 19:00:00,2.6,1251.0,2.7614238054926257,0.16142380549262558
2005-03-29 20:00:00,3.2,1267.0,2.769741141814153,0.4302588581858471
2005-03-29 21:00:00,2.3,1145.0,2.073959504236989,0.22604049576301088
2005-03-29 22:00:00,1.4,1010.0,1.3477165693744897,0.05228343062551022
2005-03-29 23:00:00,1.1,1025.0,1.4574987780257633,0.35749877802576324
2005-03-30 00:00:00,1.2,1024.0,1.3064701466161655,0.1064701466161655
2005-03-30 01:00:00,0.9,938.0,0.9093254767393624,0.009325476739362348
2005-03-30 02:00:00,0.7,905.0,0.7008969266232614,0.0008969266232614626
2005-03-30 03:00:00,0.5,826.0,0.4168326758048937,0.0831673241951063
2005-03-30 04:00:00,0.4,879.0,0.43684072544350605,0.03684072544350603
2005-03-30 05:00:00,0.5,901.0,0.5411608034775708,0.041160803477570784
2005-03-30 06:00:00,0.8,948.0,0.7728542802053426,0.027145719794657408
2005-03-30 07:00:00,2.3,1250.0,2.6814069603847517,0.38140696038475186
2005-03-30 08:00:00,2.9,1263.0,2.8942545398037,0.005745460196299845
2005-03-30 09:00:00,3.1,1319.0,2.934230149280251,0.16576985071974892
2005-03-30 10:00:00,2.7,1202.0,2.659654815818627,0.04034518418137312
2005-03-30 11:00:00,1.8,1109.0,1.7676142844958442,0.03238571550415581
2005-03-30 12:00:00,1.9,1136.0,2.0354958957051434,0.13549589570514353
2005-03-30 13:00:00,1.8,1082.0,1.8296545457660431,0.029654545766043094
2005-03-30 14:00:00,1.8,1070.0,1.73171192696828,0.06828807303172013
2005-03-30 15:00:00,1.8,1070.0,1.6464234318803153,0.1535765681196848
2005-03-30 16:00:00,1.7,1123.0,1.8388007347487847,0.13880073474878474
2005-03-30 17:00:00,3.2,1271.0,2.8876584584490566,0.3123415415509436
2005-03-30 18:00:00,3.4,1304.0,3.2012855784222616,0.19871442157773833
2005-03-30 19:00:00,4.2,1360.0,3.544357641570032,0.6556423584299682
2005-03-30 20:00:00,3.5,1278.0,2.560455062167332,0.9395449378326681
2005-03-30 21:00:00,2.0,1130.0,2.290772488268011,0.29077248826801094
2005-03-30 22:00:00,1.4,1066.0,1.5641120543614657,0.1641120543614658
2005-03-30 23:00:00,1.5,1090.0,1.6641411972384987,0.16414119723849874
2005-03-31 00:00:00,1.2,1013.0,1.3047503305274475,0.10475033052744753
2005-03-31 01:00:00,1.1,998.0,1.2447184498708905,0.14471844987089044
2005-03-31 02:00:00,0.7,923.0,0.8731060842303457,0.1731060842303458
2005-03-31 03:00:00,0.6,904.0,0.660236786727908,0.060236786727908
2005-03-31 04:00:00,0.5,884.0,0.5611853010939292,0.06118530109392917
2005-03-31 05:00:00,0.6,936.0,0.7681888844849035,0.16818888448490354
2005-03-31 06:00:00,0.9,1068.0,1.4320919328777129,0.5320919328777128
2005-03-31 07:00:00,4.0,1531.0,4.299564863365723,0.2995648633657231
2005-03-31 08:00:00,4.1,1184.0,2.7280883092220556,1.371911690777944
2005-03-31 09:00:00,1.9,1064.0,1.8325722606287254,0.06742773937127455
2005-03-31 10:00:00,1.3,996.0,1.1870905737314252,0.11290942626857481
2005-03-31 11:00:00,1.2,984.0,1.2003586749989836,0.00035867499898367683
2005-03-31 12:00:00,1.2,980.0,1.1970784079461805,0.0029215920538194773
2005-03-31 13:00:00,1.2,970.0,1.1545348505634774,0.04546514943652258
2005-03-31 14:00:00,0.9,940.0,1.0553602621441915,0.15536026214419152
2005-03-31 15:00:00,1.0,963.0,1.099050856823234,0.099050856823234
2005-03-31 16:00:00,1.1,961.0,1.1203505806822818,0.020350580682281683
2005-03-31 17:00:00,1.5,1067.0,1.5706149283680522,0.07061492836805217
2005-03-31 18:00:00,2.1,1084.0,1.7727315138581035,0.32726848614189663
2005-03-31 19:00:00,2.1,1102.0,2.042002724804663,0.05799727519533704
2005-03-31 20:00:00,1.5,976.0,1.150274909696621,0.34972509030337906
2005-03-31 21:00:00,1.0,895.0,0.8440535514169328,0.15594644858306717
2005-03-31 22:00:00,0.8,886.0,0.7287759148029701,0.07122408519702994
2005-03-31 23:00:00,0.8,886.0,0.7367801671659265,0.06321983283407351
2005-04-01 00:00:00,0.7,848.0,0.7972671653494344,0.09726716534943447
2005-04-01 01:00:00,0.6,818.0,0.7642635928881807,0.1642635928881807
2005-04-01 02:00:00,0.5,848.0,0.6219655098357153,0.1219655098357153
2005-04-01 03:00:00,0.5,826.0,0.5349150603184741,0.034915060318474134
2005-04-01 05:00:00,0.5,868.0,0.5206811168332277,0.02068111683322771
2005-04-01 06:00:00,0.6,901.0,0.635594583812746,0.03559458381274605
2005-04-01 07:00:00,1.5,1044.0,1.4340088867431393,0.06599111325686069
2005-04-01 08:00:00,1.9,1030.0,1.5034571982920752,0.39654280170792466
2005-04-01 09:00:00,1.3,965.0,1.2202199410581653,0.07978005894183471
2005-04-01 10:00:00,1.0,948.0,1.161005317672576,0.1610053176725761
2005-04-01 11:00:00,1.0,939.0,1.2598483503889844,0.25984835038898435
2005-04-01 12:00:00,1.1,925.0,1.2195179032463657,0.11951790324636558
2005-04-01 13:00:00,1.3,924.0,1.2461797812156012,0.0538202187843988
2005-04-01 14:00:00,1.0,891.0,1.162922616763497,0.16292261676349695
2005-04-01 15:00:00,1.1,897.0,1.169910088799631,0.0699100887996309
2005-04-01 16:00:00,1.4,939.0,1.3222502308271697,0.07774976917283016
2005-04-01 17:00:00,1.5,943.0,1.3436470238732208,0.15635297612677923
2005-04-01 18:00:00,1.6,928.0,1.2555967245772857,0.3444032754227144
2005-04-01 19:00:00,2.2,961.0,1.4920096842145831,0.707990315785417
2005-04-01 20:00:00,1.4,867.0,1.205567345755675,0.19443265424432488
2005-04-01 21:00:00,0.9,823.0,0.9503750517304025,0.050375051730402465
2005-04-01 22:00:00,0.8,835.0,0.895193117586804,0.09519311758680393
2005-04-01 23:00:00,1.1,893.0,1.1411445366102344,0.04114453661023432
2005-04-02 00:00:00,1.5,965.0,1.4358900535103534,0.06410994648964663
2005-04-02 01:00:00,1.1,838.0,1.0828443662962808,0.01715563370371931
2005-04-02 02:00:00,0.6,835.0,0.7513879789841454,0.15138797898414547
2005-04-02 03:00:00,0.5,820.0,0.6384166904269828,0.1384166904269828
2005-04-02 04:00:00,0.4,815.0,0.5377393489178176,0.13773934891781758
2005-04-02 05:00:00,0.4,842.0,0.5644938835321421,0.16449388353214212
2005-04-02 06:00:00,0.6,884.0,0.6891545594208563,0.08915455942085637
2005-04-02 07:00:00,0.9,922.0,0.9572591372287613,0.0572591372287613
2005-04-02 08:00:00,0.9,903.0,0.8905813025090396,0.00941869749096047
2005-04-02 09:00:00,0.8,899.0,0.938629903235212,0.13862990323521196
2005-04-02 10:00:00,1.0,890.0,1.0169119287456239,0.01691192874562386
2005-04-02 11:00:00,0.8,877.0,0.8011137397089126,0.0011137397089125978
2005-04-02 12:00:00,0.8,867.0,0.8209111350023199,0.02091113500231989
2005-04-02 13:00:00,1.0,892.0,0.9268803341727045,0.07311966582729545
2005-04-02 14:00:00,0.8,889.0,0.9256075308183084,0.12560753081830833
2005-04-02 15:00:00,0.8,900.0,0.9325950028544422,0.13259500285444215
2005-04-02 16:00:00,0.9,910.0,0.9522310707036281,0.05223107070362809
2005-04-02 17:00:00,1.1,947.0,1.2049491358494133,0.10494913584941323
2005-04-02 18:00:00,1.1,947.0,1.1485464428524024,0.04854644285240228
2005-04-02 19:00:00,1.2,936.0,1.2246124780018552,0.024612478001855287
2005-04-02 20:00:00,1.1,925.0,1.1643318753701741,0.06433187537017404
2005-04-02 21:00:00,0.8,885.0,0.9794336361743226,0.1794336361743225
2005-04-02 22:00:00,0.7,891.0,0.9279876659037228,0.22798766590372288
2005-04-02 23:00:00,0.7,904.0,0.9105861225909826,0.21058612259098264
2005-04-03 00:00:00,0.8,929.0,1.4703926481104446,0.6703926481104445
2005-04-03 01:00:00,0.8,951.0,1.469624991106198,0.669624991106198
2005-04-03 02:00:00,0.7,938.0,1.1452526431933054,0.4452526431933055
2005-04-03 03:00:00,0.8,921.0,0.9531794534757438,0.1531794534757438
2005-04-03 04:00:00,0.5,850.0,0.714811651650049,0.214811651650049
2005-04-03 05:00:00,0.3,811.0,0.5369458469295505,0.2369458469295505
2005-04-03 06:00:00,0.4,848.0,0.5867877258517827,0.18678772585178272
2005-04-03 07:00:00,0.6,882.0,0.7789497154611179,0.17894971546111793
2005-04-03 08:00:00,0.7,936.0,1.1492119342817495,0.44921193428174955
2005-04-03 09:00:00,1.2,1022.0,1.3509117631353673,0.15091176313536736
2005-04-03 10:00:00,1.4,970.0,1.2660338884618338,0.13396611153816607
2005-04-03 11:00:00,1.3,1000.0,1.2307563683616627,0.06924363163833736
2005-04-03 12:00:00,1.4,996.0,1.2036930238354606,0.1963069761645393
2005-04-03 13:00:00,1.0,928.0,0.976099262198175,0.023900737801825
2005-04-03 14:00:00,1.0,933.0,0.9536167424909349,0.046383257509065134
2005-04-03 15:00:00,1.1,956.0,0.9673189818139241,0.13268101818607603
2005-04-03 16:00:00,1.3,968.0,1.0406594265459348,0.25934057345406525
2005-04-03 17:00:00,1.4,953.0,1.014731661985807,0.3852683380141928
2005-04-03 18:00:00,1.2,1015.0,1.2082755907866864,0.008275590786686493
2005-04-03 19:00:00,2.7,1248.0,2.91254981157091,0.21254981157090969
2005-04-03 20:00:00,2.5,1180.0,2.778153744545893,0.27815374454589303
2005-04-03 21:00:00,1.5,1102.0,2.043269665521999,0.5432696655219988
2005-04-03 22:00:00,1.6,1116.0,1.7771082437748478,0.17710824377484768
2005-04-03 23:00:00,1.2,1100.0,1.7415812739649774,0.5415812739649775
2005-04-04 00:00:00,0.9,1012.0,1.1958465538824656,0.2958465538824656
2005-04-04 01:00:00,0.6,944.0,0.929735263611913,0.3297352636119131
2005-04-04 02:00:00,0.5,912.0,0.6571858513802108,0.1571858513802108
2005-04-04 03:00:00,0.4,887.0,0.5356733793883384,0.13567337938833834
2005-04-04 05:00:00,0.5,888.0,0.5664602954075686,0.06646029540756859
2005-04-04 06:00:00,1.1,1031.0,1.2818534541097724,0.18185345410977227
2005-04-04 07:00:00,4.0,1384.0,3.336050061205935,0.6639499387940648
2005-04-04 08:00:00,5.0,1446.0,3.959241176573857,1.0407588234261431
2005-04-04 09:00:00,3.9,1297.0,3.0088766967714795,0.8911233032285204
2005-04-04 10:00:00,3.1,1314.0,2.8694578128196477,0.23054218718035235
2005-04-04 11:00:00,2.4,1163.0,2.641189924383383,0.24118992438338305
2005-04-04 12:00:00,2.4,1142.0,2.432746266877487,0.03274626687748716
2005-04-04 13:00:00,2.1,1003.0,1.4930521623891195,0.6069478376108806
2005-04-04 14:00:00,2.2,1071.0,1.8036163489078327,0.39638365109216744
